00:00 +0: loading /Users/MattLeikam/Documents/Codex/2026-09-25/files-mentioned-by-the-user-wingman/outputs/wingman-browser/test/ui/home_search_semantics_test.dart
00:00 +0: /Users/MattLeikam/Documents/Codex/2026-09-25/files-mentioned-by-the-user-wingman/outputs/wingman-browser/test/ui/home_search_semantics_test.dart: (setUpAll)
00:00 +0: /Users/MattLeikam/Documents/Codex/2026-09-25/files-mentioned-by-the-user-wingman/outputs/wingman-browser/test/ui/official_commit_visual_test.dart: (setUpAll)
00:00 +0: /Users/MattLeikam/Documents/Codex/2026-09-25/files-mentioned-by-the-user-wingman/outputs/wingman-browser/test/ui/home_search_semantics_test.dart: Home resume remains an actionable button outside progress semantics
00:00 +1: /Users/MattLeikam/Documents/Codex/2026-09-25/files-mentioned-by-the-user-wingman/outputs/wingman-browser/test/ui/home_search_semantics_test.dart: Home resume remains an actionable button outside progress semantics
00:00 +2: /Users/MattLeikam/Documents/Codex/2026-09-25/files-mentioned-by-the-user-wingman/outputs/wingman-browser/test/ui/home_search_semantics_test.dart: Home resume remains an actionable button outside progress semantics
00:00 +3: /Users/MattLeikam/Documents/Codex/2026-09-25/files-mentioned-by-the-user-wingman/outputs/wingman-browser/test/ui/home_search_semantics_test.dart: Home resume remains an actionable button outside progress semantics
00:01 +4: /Users/MattLeikam/Documents/Codex/2026-09-25/files-mentioned-by-the-user-wingman/outputs/wingman-browser/test/ui/official_commit_visual_test.dart: O/C all handoff widths at 200% dark
00:02 +5: /Users/MattLeikam/Documents/Codex/2026-09-25/files-mentioned-by-the-user-wingman/outputs/wingman-browser/test/ui/official_commit_visual_test.dart: O/C all handoff widths at 200% dark
00:02 +6: /Users/MattLeikam/Documents/Codex/2026-09-25/files-mentioned-by-the-user-wingman/outputs/wingman-browser/test/ui/official_commit_visual_test.dart: O/C all handoff widths at 200% dark
00:04 +7: /Users/MattLeikam/Documents/Codex/2026-09-25/files-mentioned-by-the-user-wingman/outputs/wingman-browser/test/ui/official_commit_visual_test.dart: O/C all handoff widths at 200% dark
00:05 +8: /Users/MattLeikam/Documents/Codex/2026-09-25/files-mentioned-by-the-user-wingman/outputs/wingman-browser/test/ui/official_commit_visual_test.dart: O/C all handoff widths at 200% dark
00:06 +9: /Users/MattLeikam/Documents/Codex/2026-09-25/files-mentioned-by-the-user-wingman/outputs/wingman-browser/test/ui/official_commit_visual_test.dart: O/C all handoff widths at 200% dark
00:07 +10: /Users/MattLeikam/Documents/Codex/2026-09-25/files-mentioned-by-the-user-wingman/outputs/wingman-browser/test/ui/official_commit_visual_test.dart: O/C all handoff widths at 200% dark
00:09 +11: /Users/MattLeikam/Documents/Codex/2026-09-25/files-mentioned-by-the-user-wingman/outputs/wingman-browser/test/ui/workspace_layout_test.dart: Spaces create, reorder and three templates dark Size(320.0, 640.0) at200%
00:09 +12: /Users/MattLeikam/Documents/Codex/2026-09-25/files-mentioned-by-the-user-wingman/outputs/wingman-browser/test/ui/live_shell_test.dart: ordinary addresses outside the reviewed catalog reach the consumer surface
00:11 +13: /Users/MattLeikam/Documents/Codex/2026-09-25/files-mentioned-by-the-user-wingman/outputs/wingman-browser/test/ui/live_shell_test.dart: ordinary addresses outside the reviewed catalog reach the consumer surface
00:11 +14: /Users/MattLeikam/Documents/Codex/2026-09-25/files-mentioned-by-the-user-wingman/outputs/wingman-browser/test/ui/official_commit_visual_test.dart: O/C actual synthetic journey captures dark
00:12 +15: /Users/MattLeikam/Documents/Codex/2026-09-25/files-mentioned-by-the-user-wingman/outputs/wingman-browser/test/ui/official_commit_visual_test.dart: O/C actual synthetic journey captures dark
00:12 +16: /Users/MattLeikam/Documents/Codex/2026-09-25/files-mentioned-by-the-user-wingman/outputs/wingman-browser/test/ui/handoff_layout_test.dart: handoff setup/keypad reflows dark Size(320.0, 640.0) at200%
00:13 +17: /Users/MattLeikam/Documents/Codex/2026-09-25/files-mentioned-by-the-user-wingman/outputs/wingman-browser/test/ui/handoff_layout_test.dart: handoff setup/keypad reflows dark Size(320.0, 640.0) at200%
00:13 +18: /Users/MattLeikam/Documents/Codex/2026-09-25/files-mentioned-by-the-user-wingman/outputs/wingman-browser/test/ui/handoff_layout_test.dart: handoff setup/keypad reflows dark Size(320.0, 640.0) at200%
00:14 +19: /Users/MattLeikam/Documents/Codex/2026-09-25/files-mentioned-by-the-user-wingman/outputs/wingman-browser/test/ui/handoff_layout_test.dart: handoff setup/keypad reflows dark Size(320.0, 640.0) at200%
00:14 +20: /Users/MattLeikam/Documents/Codex/2026-09-25/files-mentioned-by-the-user-wingman/outputs/wingman-browser/test/ui/handoff_layout_test.dart: handoff setup/keypad reflows dark Size(320.0, 640.0) at200%
00:14 +21: /Users/MattLeikam/Documents/Codex/2026-09-25/files-mentioned-by-the-user-wingman/outputs/wingman-browser/test/ui/handoff_layout_test.dart: handoff setup/keypad reflows dark Size(320.0, 640.0) at200%
00:14 +22: /Users/MattLeikam/Documents/Codex/2026-09-25/files-mentioned-by-the-user-wingman/outputs/wingman-browser/test/ui/official_commit_visual_test.dart: O/C all handoff widths at 200% light
00:15 +23: /Users/MattLeikam/Documents/Codex/2026-09-25/files-mentioned-by-the-user-wingman/outputs/wingman-browser/test/ui/official_commit_visual_test.dart: O/C all handoff widths at 200% light
00:15 +24: /Users/MattLeikam/Documents/Codex/2026-09-25/files-mentioned-by-the-user-wingman/outputs/wingman-browser/test/ui/official_commit_visual_test.dart: O/C all handoff widths at 200% light
00:16 +25: /Users/MattLeikam/Documents/Codex/2026-09-25/files-mentioned-by-the-user-wingman/outputs/wingman-browser/test/ui/redesign_privacy_boundaries_test.dart: redesign privacy boundary settings and evidence captures dark
00:17 +26: /Users/MattLeikam/Documents/Codex/2026-09-25/files-mentioned-by-the-user-wingman/outputs/wingman-browser/test/ui/redesign_privacy_boundaries_test.dart: redesign privacy boundary settings and evidence captures dark
00:17 +27: /Users/MattLeikam/Documents/Codex/2026-09-25/files-mentioned-by-the-user-wingman/outputs/wingman-browser/test/ui/redesign_privacy_boundaries_test.dart: redesign privacy boundary settings and evidence captures dark
00:18 +28: /Users/MattLeikam/Documents/Codex/2026-09-25/files-mentioned-by-the-user-wingman/outputs/wingman-browser/test/ui/redesign_privacy_boundaries_test.dart: redesign privacy boundary settings and evidence captures dark
00:18 +29: /Users/MattLeikam/Documents/Codex/2026-09-25/files-mentioned-by-the-user-wingman/outputs/wingman-browser/test/ui/redesign_privacy_boundaries_test.dart: redesign privacy boundary settings and evidence captures dark
00:18 +30: /Users/MattLeikam/Documents/Codex/2026-09-25/files-mentioned-by-the-user-wingman/outputs/wingman-browser/test/ui/redesign_privacy_boundaries_test.dart: redesign privacy boundary settings and evidence captures dark
00:19 +31: /Users/MattLeikam/Documents/Codex/2026-09-25/files-mentioned-by-the-user-wingman/outputs/wingman-browser/test/ui/redesign_privacy_boundaries_test.dart: redesign privacy boundary settings and evidence captures dark
00:20 +32: /Users/MattLeikam/Documents/Codex/2026-09-25/files-mentioned-by-the-user-wingman/outputs/wingman-browser/test/ui/redesign_privacy_boundaries_test.dart: redesign privacy boundary settings and evidence captures dark
00:20 +33: /Users/MattLeikam/Documents/Codex/2026-09-25/files-mentioned-by-the-user-wingman/outputs/wingman-browser/test/ui/redesign_privacy_boundaries_test.dart: redesign privacy boundary settings and evidence captures dark
00:21 +34: /Users/MattLeikam/Documents/Codex/2026-09-25/files-mentioned-by-the-user-wingman/outputs/wingman-browser/test/ui/strict_search_shell_test.dart: Web defaults on, typing stays local, submitted words use Strict
00:21 +35: /Users/MattLeikam/Documents/Codex/2026-09-25/files-mentioned-by-the-user-wingman/outputs/wingman-browser/test/ui/strict_search_shell_test.dart: Web defaults on, typing stays local, submitted words use Strict
00:21 +36: /Users/MattLeikam/Documents/Codex/2026-09-25/files-mentioned-by-the-user-wingman/outputs/wingman-browser/test/ui/strict_search_shell_test.dart: Web defaults on, typing stays local, submitted words use Strict
00:21 +37: /Users/MattLeikam/Documents/Codex/2026-09-25/files-mentioned-by-the-user-wingman/outputs/wingman-browser/test/ui/strict_search_shell_test.dart: Web defaults on, typing stays local, submitted words use Strict
00:21 +38: /Users/MattLeikam/Documents/Codex/2026-09-25/files-mentioned-by-the-user-wingman/outputs/wingman-browser/test/ui/strict_search_shell_test.dart: Web defaults on, typing stays local, submitted words use Strict
00:22 +39: /Users/MattLeikam/Documents/Codex/2026-09-25/files-mentioned-by-the-user-wingman/outputs/wingman-browser/test/ui/redesign_privacy_boundaries_test.dart: redesign privacy boundary settings and evidence captures light
00:22 +39 ~1: /Users/MattLeikam/Documents/Codex/2026-09-25/files-mentioned-by-the-user-wingman/outputs/wingman-browser/test/ui/redesign_privacy_boundaries_test.dart: redesign privacy boundary settings and evidence captures light
00:23 +40 ~1: /Users/MattLeikam/Documents/Codex/2026-09-25/files-mentioned-by-the-user-wingman/outputs/wingman-browser/test/ui/redesign_privacy_boundaries_test.dart: redesign privacy boundary settings and evidence captures light
00:23 +41 ~1: /Users/MattLeikam/Documents/Codex/2026-09-25/files-mentioned-by-the-user-wingman/outputs/wingman-browser/test/ui/redesign_privacy_boundaries_test.dart: redesign privacy boundary settings and evidence captures light
00:23 +42 ~1: /Users/MattLeikam/Documents/Codex/2026-09-25/files-mentioned-by-the-user-wingman/outputs/wingman-browser/test/ui/redesign_privacy_boundaries_test.dart: redesign privacy boundary settings and evidence captures light
00:23 +43 ~1: /Users/MattLeikam/Documents/Codex/2026-09-25/files-mentioned-by-the-user-wingman/outputs/wingman-browser/test/ui/redesign_privacy_boundaries_test.dart: redesign privacy boundary settings and evidence captures light
00:23 +44 ~1: /Users/MattLeikam/Documents/Codex/2026-09-25/files-mentioned-by-the-user-wingman/outputs/wingman-browser/test/ui/redesign_privacy_boundaries_test.dart: redesign privacy boundary settings and evidence captures light
00:24 +45 ~1: /Users/MattLeikam/Documents/Codex/2026-09-25/files-mentioned-by-the-user-wingman/outputs/wingman-browser/test/ui/redesign_privacy_boundaries_test.dart: redesign privacy boundary settings and evidence captures light
00:24 +46 ~1: /Users/MattLeikam/Documents/Codex/2026-09-25/files-mentioned-by-the-user-wingman/outputs/wingman-browser/test/ui/design_system_test.dart: component reflow dark, all handoff widths and 200% text
00:24 +47 ~1: /Users/MattLeikam/Documents/Codex/2026-09-25/files-mentioned-by-the-user-wingman/outputs/wingman-browser/test/ui/design_system_test.dart: component reflow dark, all handoff widths and 200% text
00:24 +48 ~1: /Users/MattLeikam/Documents/Codex/2026-09-25/files-mentioned-by-the-user-wingman/outputs/wingman-browser/test/ui/design_system_test.dart: component reflow dark, all handoff widths and 200% text
00:24 +49 ~1: /Users/MattLeikam/Documents/Codex/2026-09-25/files-mentioned-by-the-user-wingman/outputs/wingman-browser/test/ui/design_system_test.dart: component reflow dark, all handoff widths and 200% text
00:25 +50 ~1: /Users/MattLeikam/Documents/Codex/2026-09-25/files-mentioned-by-the-user-wingman/outputs/wingman-browser/test/ui/design_system_test.dart: component reflow dark, all handoff widths and 200% text
00:25 +51 ~1: /Users/MattLeikam/Documents/Codex/2026-09-25/files-mentioned-by-the-user-wingman/outputs/wingman-browser/test/ui/design_system_test.dart: component reflow dark, all handoff widths and 200% text
00:25 +52 ~1: /Users/MattLeikam/Documents/Codex/2026-09-25/files-mentioned-by-the-user-wingman/outputs/wingman-browser/test/ui/design_system_test.dart: component reflow dark, all handoff widths and 200% text
00:25 +53 ~1: /Users/MattLeikam/Documents/Codex/2026-09-25/files-mentioned-by-the-user-wingman/outputs/wingman-browser/test/ui/design_system_test.dart: component reflow dark, all handoff widths and 200% text
00:25 +54 ~1: /Users/MattLeikam/Documents/Codex/2026-09-25/files-mentioned-by-the-user-wingman/outputs/wingman-browser/test/ui/handoff_visual_test.dart: reviewed handoff visual states dark
00:25 +55 ~1: /Users/MattLeikam/Documents/Codex/2026-09-25/files-mentioned-by-the-user-wingman/outputs/wingman-browser/test/ui/handoff_visual_test.dart: reviewed handoff visual states dark
00:26 +56 ~1: /Users/MattLeikam/Documents/Codex/2026-09-25/files-mentioned-by-the-user-wingman/outputs/wingman-browser/test/ui/handoff_visual_test.dart: reviewed handoff visual states dark
00:26 +57 ~1: /Users/MattLeikam/Documents/Codex/2026-09-25/files-mentioned-by-the-user-wingman/outputs/wingman-browser/test/ui/handoff_visual_test.dart: reviewed handoff visual states dark
00:26 +58 ~1: /Users/MattLeikam/Documents/Codex/2026-09-25/files-mentioned-by-the-user-wingman/outputs/wingman-browser/test/ui/currents_widgets_test.dart: original publisher identity, linked provider credit and All topics stay in actual feed widgets
00:27 +59 ~1: /Users/MattLeikam/Documents/Codex/2026-09-25/files-mentioned-by-the-user-wingman/outputs/wingman-browser/test/ui/currents_widgets_test.dart: original publisher identity, linked provider credit and All topics stay in actual feed widgets
00:27 +60 ~1: /Users/MattLeikam/Documents/Codex/2026-09-25/files-mentioned-by-the-user-wingman/outputs/wingman-browser/test/ui/currents_widgets_test.dart: original publisher identity, linked provider credit and All topics stay in actual feed widgets
00:28 +61 ~1: /Users/MattLeikam/Documents/Codex/2026-09-25/files-mentioned-by-the-user-wingman/outputs/wingman-browser/test/ui/currents_widgets_test.dart: original publisher identity, linked provider credit and All topics stay in actual feed widgets
00:29 +62 ~1: /Users/MattLeikam/Documents/Codex/2026-09-25/files-mentioned-by-the-user-wingman/outputs/wingman-browser/test/ui/currents_widgets_test.dart: original publisher identity, linked provider credit and All topics stay in actual feed widgets
00:30 +63 ~1: /Users/MattLeikam/Documents/Codex/2026-09-25/files-mentioned-by-the-user-wingman/outputs/wingman-browser/test/ui/currents_widgets_test.dart: original publisher identity, linked provider credit and All topics stay in actual feed widgets
00:31 +64 ~1: /Users/MattLeikam/Documents/Codex/2026-09-25/files-mentioned-by-the-user-wingman/outputs/wingman-browser/test/ui/currents_widgets_test.dart: original publisher identity, linked provider credit and All topics stay in actual feed widgets
00:31 +65 ~1: /Users/MattLeikam/Documents/Codex/2026-09-25/files-mentioned-by-the-user-wingman/outputs/wingman-browser/test/ui/currents_widgets_test.dart: original publisher identity, linked provider credit and All topics stay in actual feed widgets
00:32 +66 ~1: /Users/MattLeikam/Documents/Codex/2026-09-25/files-mentioned-by-the-user-wingman/outputs/wingman-browser/test/ui/workspace_visual_test.dart: Spaces and Finish visual states dark
00:32 +67 ~1: /Users/MattLeikam/Documents/Codex/2026-09-25/files-mentioned-by-the-user-wingman/outputs/wingman-browser/test/ui/workspace_visual_test.dart: Spaces and Finish visual states dark
00:32 +68 ~1: /Users/MattLeikam/Documents/Codex/2026-09-25/files-mentioned-by-the-user-wingman/outputs/wingman-browser/test/ui/workspace_visual_test.dart: Spaces and Finish visual states dark
00:32 +69 ~1: /Users/MattLeikam/Documents/Codex/2026-09-25/files-mentioned-by-the-user-wingman/outputs/wingman-browser/test/ui/workspace_visual_test.dart: Spaces and Finish visual states dark
00:32 +70 ~1: /Users/MattLeikam/Documents/Codex/2026-09-25/files-mentioned-by-the-user-wingman/outputs/wingman-browser/test/ui/workspace_visual_test.dart: Spaces and Finish visual states dark
00:33 +71 ~1: /Users/MattLeikam/Documents/Codex/2026-09-25/files-mentioned-by-the-user-wingman/outputs/wingman-browser/test/ui/workspace_visual_test.dart: Spaces and Finish visual states dark
00:34 +72 ~1: /Users/MattLeikam/Documents/Codex/2026-09-25/files-mentioned-by-the-user-wingman/outputs/wingman-browser/test/ui/workspace_visual_test.dart: Spaces and Finish visual states dark
00:34 +73 ~1: /Users/MattLeikam/Documents/Codex/2026-09-25/files-mentioned-by-the-user-wingman/outputs/wingman-browser/test/ui/workspace_visual_test.dart: Spaces and Finish visual states dark
00:34 +74 ~1: /Users/MattLeikam/Documents/Codex/2026-09-25/files-mentioned-by-the-user-wingman/outputs/wingman-browser/test/ui/workspace_visual_test.dart: Spaces and Finish visual states dark
00:34 +75 ~1: /Users/MattLeikam/Documents/Codex/2026-09-25/files-mentioned-by-the-user-wingman/outputs/wingman-browser/test/ui/workspace_visual_test.dart: Spaces and Finish visual states dark
00:34 +76 ~1: /Users/MattLeikam/Documents/Codex/2026-09-25/files-mentioned-by-the-user-wingman/outputs/wingman-browser/test/ui/workspace_visual_test.dart: Spaces and Finish visual states dark
00:34 +77 ~1: /Users/MattLeikam/Documents/Codex/2026-09-25/files-mentioned-by-the-user-wingman/outputs/wingman-browser/test/ui/workspace_visual_test.dart: Spaces and Finish visual states dark
00:34 +78 ~1: /Users/MattLeikam/Documents/Codex/2026-09-25/files-mentioned-by-the-user-wingman/outputs/wingman-browser/test/ui/workspace_visual_test.dart: Spaces and Finish visual states dark
00:35 +79 ~1: /Users/MattLeikam/Documents/Codex/2026-09-25/files-mentioned-by-the-user-wingman/outputs/wingman-browser/test/ui/workspace_visual_test.dart: Spaces and Finish visual states dark
00:35 +80 ~1: /Users/MattLeikam/Documents/Codex/2026-09-25/files-mentioned-by-the-user-wingman/outputs/wingman-browser/test/ui/workspace_visual_test.dart: Spaces and Finish visual states dark
00:35 +81 ~1: /Users/MattLeikam/Documents/Codex/2026-09-25/files-mentioned-by-the-user-wingman/outputs/wingman-browser/test/ui/workspace_visual_test.dart: Spaces and Finish visual states dark
00:36 +82 ~1: /Users/MattLeikam/Documents/Codex/2026-09-25/files-mentioned-by-the-user-wingman/outputs/wingman-browser/test/ui/workspace_visual_test.dart: Spaces and Finish visual states dark
00:36 +83 ~1: /Users/MattLeikam/Documents/Codex/2026-09-25/files-mentioned-by-the-user-wingman/outputs/wingman-browser/test/ui/home_navigation_test.dart: actual Home navigation reflows all widths light
00:36 +84 ~1: /Users/MattLeikam/Documents/Codex/2026-09-25/files-mentioned-by-the-user-wingman/outputs/wingman-browser/test/ui/home_navigation_test.dart: actual Home navigation reflows all widths light
00:36 +85 ~1: /Users/MattLeikam/Documents/Codex/2026-09-25/files-mentioned-by-the-user-wingman/outputs/wingman-browser/test/ui/home_navigation_test.dart: actual Home navigation reflows all widths light
00:37 +86 ~1: /Users/MattLeikam/Documents/Codex/2026-09-25/files-mentioned-by-the-user-wingman/outputs/wingman-browser/test/ui/home_navigation_test.dart: actual Home navigation reflows all widths light
00:37 +87 ~1: /Users/MattLeikam/Documents/Codex/2026-09-25/files-mentioned-by-the-user-wingman/outputs/wingman-browser/test/ui/home_navigation_test.dart: actual Home navigation reflows all widths light
00:38 +88 ~1: /Users/MattLeikam/Documents/Codex/2026-09-25/files-mentioned-by-the-user-wingman/outputs/wingman-browser/test/ui/home_navigation_test.dart: actual Home navigation reflows all widths light
00:38 +89 ~1: /Users/MattLeikam/Documents/Codex/2026-09-25/files-mentioned-by-the-user-wingman/outputs/wingman-browser/test/ui/workspace_visual_test.dart: Spaces and Finish visual states light
00:38 +90 ~1: /Users/MattLeikam/Documents/Codex/2026-09-25/files-mentioned-by-the-user-wingman/outputs/wingman-browser/test/ui/workspace_visual_test.dart: Spaces and Finish visual states light
00:38 +91 ~1: /Users/MattLeikam/Documents/Codex/2026-09-25/files-mentioned-by-the-user-wingman/outputs/wingman-browser/test/ui/workspace_visual_test.dart: Spaces and Finish visual states light
00:39 +92 ~1: /Users/MattLeikam/Documents/Codex/2026-09-25/files-mentioned-by-the-user-wingman/outputs/wingman-browser/test/ui/workspace_visual_test.dart: Spaces and Finish visual states light
00:39 +93 ~1: /Users/MattLeikam/Documents/Codex/2026-09-25/files-mentioned-by-the-user-wingman/outputs/wingman-browser/test/ui/workspace_visual_test.dart: Spaces and Finish visual states light
00:39 +94 ~1: /Users/MattLeikam/Documents/Codex/2026-09-25/files-mentioned-by-the-user-wingman/outputs/wingman-browser/test/ui/workspace_visual_test.dart: Spaces and Finish visual states light
00:39 +95 ~1: /Users/MattLeikam/Documents/Codex/2026-09-25/files-mentioned-by-the-user-wingman/outputs/wingman-browser/test/ui/workspace_visual_test.dart: Spaces and Finish visual states light
00:39 +96 ~1: /Users/MattLeikam/Documents/Codex/2026-09-25/files-mentioned-by-the-user-wingman/outputs/wingman-browser/test/ui/workspace_visual_test.dart: Spaces and Finish visual states light
00:39 +97 ~1: /Users/MattLeikam/Documents/Codex/2026-09-25/files-mentioned-by-the-user-wingman/outputs/wingman-browser/test/ui/workspace_visual_test.dart: Spaces and Finish visual states light
00:40 +98 ~1: /Users/MattLeikam/Documents/Codex/2026-09-25/files-mentioned-by-the-user-wingman/outputs/wingman-browser/test/ui/home_navigation_test.dart: actual Home navigation reflows all widths dark
00:40 +99 ~1: /Users/MattLeikam/Documents/Codex/2026-09-25/files-mentioned-by-the-user-wingman/outputs/wingman-browser/test/ui/home_navigation_test.dart: actual Home navigation reflows all widths dark
00:42 +100 ~1: /Users/MattLeikam/Documents/Codex/2026-09-25/files-mentioned-by-the-user-wingman/outputs/wingman-browser/test/ui/settings_library_protection_test.dart: settings navigates to real durable theme preference
00:42 +101 ~1: /Users/MattLeikam/Documents/Codex/2026-09-25/files-mentioned-by-the-user-wingman/outputs/wingman-browser/test/ui/redesign_companion_test.dart: companion edits explicit local task and refuses changed origin page
00:42 +102 ~1: /Users/MattLeikam/Documents/Codex/2026-09-25/files-mentioned-by-the-user-wingman/outputs/wingman-browser/test/ui/redesign_companion_test.dart: companion edits explicit local task and refuses changed origin page
00:43 +103 ~1: /Users/MattLeikam/Documents/Codex/2026-09-25/files-mentioned-by-the-user-wingman/outputs/wingman-browser/test/ui/redesign_companion_test.dart: companion edits explicit local task and refuses changed origin page
00:43 +104 ~1: /Users/MattLeikam/Documents/Codex/2026-09-25/files-mentioned-by-the-user-wingman/outputs/wingman-browser/test/ui/redesign_companion_test.dart: companion edits explicit local task and refuses changed origin page
00:44 +105 ~1: /Users/MattLeikam/Documents/Codex/2026-09-25/files-mentioned-by-the-user-wingman/outputs/wingman-browser/test/ui/redesign_companion_test.dart: companion edits explicit local task and refuses changed origin page
00:44 +106 ~1: /Users/MattLeikam/Documents/Codex/2026-09-25/files-mentioned-by-the-user-wingman/outputs/wingman-browser/test/ui/redesign_companion_test.dart: companion edits explicit local task and refuses changed origin page
00:44 +107 ~1: /Users/MattLeikam/Documents/Codex/2026-09-25/files-mentioned-by-the-user-wingman/outputs/wingman-browser/test/ui/redesign_companion_test.dart: companion edits explicit local task and refuses changed origin page
00:44 +108 ~1: /Users/MattLeikam/Documents/Codex/2026-09-25/files-mentioned-by-the-user-wingman/outputs/wingman-browser/test/ui/redesign_companion_test.dart: companion edits explicit local task and refuses changed origin page
00:44 +109 ~1: /Users/MattLeikam/Documents/Codex/2026-09-25/files-mentioned-by-the-user-wingman/outputs/wingman-browser/test/ui/live_content_shell_test.dart: Discover article Back restores its category and exact scroll, not unrelated navigation
00:45 +110 ~1: /Users/MattLeikam/Documents/Codex/2026-09-25/files-mentioned-by-the-user-wingman/outputs/wingman-browser/test/ui/live_content_shell_test.dart: Discover article Back restores its category and exact scroll, not unrelated navigation
00:45 +111 ~1: /Users/MattLeikam/Documents/Codex/2026-09-25/files-mentioned-by-the-user-wingman/outputs/wingman-browser/test/ui/live_content_shell_test.dart: Discover article Back restores its category and exact scroll, not unrelated navigation
00:46 +112 ~1: /Users/MattLeikam/Documents/Codex/2026-09-25/files-mentioned-by-the-user-wingman/outputs/wingman-browser/test/ui/live_content_shell_test.dart: Discover article Back restores its category and exact scroll, not unrelated navigation
00:46 +113 ~1: /Users/MattLeikam/Documents/Codex/2026-09-25/files-mentioned-by-the-user-wingman/outputs/wingman-browser/test/ui/live_content_shell_test.dart: Discover article Back restores its category and exact scroll, not unrelated navigation
00:46 +114 ~1: /Users/MattLeikam/Documents/Codex/2026-09-25/files-mentioned-by-the-user-wingman/outputs/wingman-browser/test/ui/live_content_shell_test.dart: Discover article Back restores its category and exact scroll, not unrelated navigation
00:47 +115 ~1: /Users/MattLeikam/Documents/Codex/2026-09-25/files-mentioned-by-the-user-wingman/outputs/wingman-browser/test/ui/live_content_shell_test.dart: Discover article Back restores its category and exact scroll, not unrelated navigation
00:47 +116 ~1: /Users/MattLeikam/Documents/Codex/2026-09-25/files-mentioned-by-the-user-wingman/outputs/wingman-browser/test/ui/live_content_shell_test.dart: Discover article Back restores its category and exact scroll, not unrelated navigation
00:48 +117 ~1: /Users/MattLeikam/Documents/Codex/2026-09-25/files-mentioned-by-the-user-wingman/outputs/wingman-browser/test/ui/live_content_shell_test.dart: Discover article Back restores its category and exact scroll, not unrelated navigation
00:48 +118 ~1: /Users/MattLeikam/Documents/Codex/2026-09-25/files-mentioned-by-the-user-wingman/outputs/wingman-browser/test/ui/live_content_shell_test.dart: Discover article Back restores its category and exact scroll, not unrelated navigation
00:48 +119 ~1: /Users/MattLeikam/Documents/Codex/2026-09-25/files-mentioned-by-the-user-wingman/outputs/wingman-browser/test/ui/live_content_shell_test.dart: Discover article Back restores its category and exact scroll, not unrelated navigation
00:48 +120 ~1: /Users/MattLeikam/Documents/Codex/2026-09-25/files-mentioned-by-the-user-wingman/outputs/wingman-browser/test/ui/live_content_shell_test.dart: Discover article Back restores its category and exact scroll, not unrelated navigation
00:49 +121 ~1: /Users/MattLeikam/Documents/Codex/2026-09-25/files-mentioned-by-the-user-wingman/outputs/wingman-browser/test/ui/live_content_shell_test.dart: Discover article Back restores its category and exact scroll, not unrelated navigation
00:50 +122 ~1: /Users/MattLeikam/Documents/Codex/2026-09-25/files-mentioned-by-the-user-wingman/outputs/wingman-browser/test/ui/live_content_shell_test.dart: Discover article Back restores its category and exact scroll, not unrelated navigation
00:50 +123 ~1: /Users/MattLeikam/Documents/Codex/2026-09-25/files-mentioned-by-the-user-wingman/outputs/wingman-browser/test/ui/live_content_shell_test.dart: Discover article Back restores its category and exact scroll, not unrelated navigation
00:50 +124 ~1: /Users/MattLeikam/Documents/Codex/2026-09-25/files-mentioned-by-the-user-wingman/outputs/wingman-browser/test/ui/live_content_shell_test.dart: Discover article Back restores its category and exact scroll, not unrelated navigation
00:50 +125 ~1: /Users/MattLeikam/Documents/Codex/2026-09-25/files-mentioned-by-the-user-wingman/outputs/wingman-browser/test/ui/live_content_shell_test.dart: Discover article Back restores its category and exact scroll, not unrelated navigation
00:50 +126 ~1: /Users/MattLeikam/Documents/Codex/2026-09-25/files-mentioned-by-the-user-wingman/outputs/wingman-browser/test/ui/live_content_shell_test.dart: Discover article Back restores its category and exact scroll, not unrelated navigation
00:50 +127 ~1: /Users/MattLeikam/Documents/Codex/2026-09-25/files-mentioned-by-the-user-wingman/outputs/wingman-browser/test/ui/live_content_shell_test.dart: Discover article Back restores its category and exact scroll, not unrelated navigation
00:50 +128 ~1: /Users/MattLeikam/Documents/Codex/2026-09-25/files-mentioned-by-the-user-wingman/outputs/wingman-browser/test/ui/live_content_shell_test.dart: Discover article Back restores its category and exact scroll, not unrelated navigation
00:50 +129 ~1: /Users/MattLeikam/Documents/Codex/2026-09-25/files-mentioned-by-the-user-wingman/outputs/wingman-browser/test/ui/live_content_shell_test.dart: Discover article Back restores its category and exact scroll, not unrelated navigation
00:51 +130 ~1: /Users/MattLeikam/Documents/Codex/2026-09-25/files-mentioned-by-the-user-wingman/outputs/wingman-browser/test/ui/live_content_shell_test.dart: Discover article Back restores its category and exact scroll, not unrelated navigation
00:51 +131 ~1: /Users/MattLeikam/Documents/Codex/2026-09-25/files-mentioned-by-the-user-wingman/outputs/wingman-browser/test/ui/live_content_shell_test.dart: Discover article Back restores its category and exact scroll, not unrelated navigation
00:51 +132 ~1: /Users/MattLeikam/Documents/Codex/2026-09-25/files-mentioned-by-the-user-wingman/outputs/wingman-browser/test/ui/live_content_shell_test.dart: Discover article Back restores its category and exact scroll, not unrelated navigation
00:51 +133 ~1: /Users/MattLeikam/Documents/Codex/2026-09-25/files-mentioned-by-the-user-wingman/outputs/wingman-browser/test/ui/live_content_shell_test.dart: Discover article Back restores its category and exact scroll, not unrelated navigation
00:52 +134 ~1: /Users/MattLeikam/Documents/Codex/2026-09-25/files-mentioned-by-the-user-wingman/outputs/wingman-browser/test/ui/live_content_shell_test.dart: Discover article Back restores its category and exact scroll, not unrelated navigation
00:52 +135 ~1: /Users/MattLeikam/Documents/Codex/2026-09-25/files-mentioned-by-the-user-wingman/outputs/wingman-browser/test/ui/live_content_shell_test.dart: Discover article Back restores its category and exact scroll, not unrelated navigation
00:53 +136 ~1: /Users/MattLeikam/Documents/Codex/2026-09-25/files-mentioned-by-the-user-wingman/outputs/wingman-browser/test/ui/live_content_shell_test.dart: Discover article Back restores its category and exact scroll, not unrelated navigation
00:54 +137 ~1: /Users/MattLeikam/Documents/Codex/2026-09-25/files-mentioned-by-the-user-wingman/outputs/wingman-browser/test/ui/shell_visual_test.dart: connected Shell scenes and compact reflow dark
00:54 +138 ~1: /Users/MattLeikam/Documents/Codex/2026-09-25/files-mentioned-by-the-user-wingman/outputs/wingman-browser/test/ui/shell_visual_test.dart: connected Shell scenes and compact reflow dark
00:54 +139 ~1: /Users/MattLeikam/Documents/Codex/2026-09-25/files-mentioned-by-the-user-wingman/outputs/wingman-browser/test/ui/shell_visual_test.dart: connected Shell scenes and compact reflow dark
00:54 +140 ~1: /Users/MattLeikam/Documents/Codex/2026-09-25/files-mentioned-by-the-user-wingman/outputs/wingman-browser/test/ui/additional_boundary_races_test.dart: leaving a delayed boundary form and toggling another item preserves both durable choices
00:57 +141 ~1: /Users/MattLeikam/Documents/Codex/2026-09-25/files-mentioned-by-the-user-wingman/outputs/wingman-browser/test/ui/additional_boundary_races_test.dart: leaving a delayed boundary form and toggling another item preserves both durable choices
00:57 +142 ~1: /Users/MattLeikam/Documents/Codex/2026-09-25/files-mentioned-by-the-user-wingman/outputs/wingman-browser/test/ui/additional_boundary_races_test.dart: leaving a delayed boundary form and toggling another item preserves both durable choices
00:57 +143 ~1: /Users/MattLeikam/Documents/Codex/2026-09-25/files-mentioned-by-the-user-wingman/outputs/wingman-browser/test/ui/additional_boundary_races_test.dart: leaving a delayed boundary form and toggling another item preserves both durable choices
00:57 +144 ~1: /Users/MattLeikam/Documents/Codex/2026-09-25/files-mentioned-by-the-user-wingman/outputs/wingman-browser/test/ui/additional_boundary_races_test.dart: leaving a delayed boundary form and toggling another item preserves both durable choices
00:57 +145 ~1: /Users/MattLeikam/Documents/Codex/2026-09-25/files-mentioned-by-the-user-wingman/outputs/wingman-browser/test/ui/additional_boundary_races_test.dart: leaving a delayed boundary form and toggling another item preserves both durable choices
00:58 +146 ~1: /Users/MattLeikam/Documents/Codex/2026-09-25/files-mentioned-by-the-user-wingman/outputs/wingman-browser/test/ui/additional_boundary_races_test.dart: leaving a delayed boundary form and toggling another item preserves both durable choices
00:58 +147 ~1: /Users/MattLeikam/Documents/Codex/2026-09-25/files-mentioned-by-the-user-wingman/outputs/wingman-browser/test/ui/live_content_shell_test.dart: feed opens native route, saves, restores Home position and gates private data
00:58 +148 ~1: /Users/MattLeikam/Documents/Codex/2026-09-25/files-mentioned-by-the-user-wingman/outputs/wingman-browser/test/ui/live_content_shell_test.dart: feed opens native route, saves, restores Home position and gates private data
00:58 +149 ~1: /Users/MattLeikam/Documents/Codex/2026-09-25/files-mentioned-by-the-user-wingman/outputs/wingman-browser/test/ui/settings_protection_visual_test.dart: settings protection and library actual capture dark
00:58 +150 ~1: /Users/MattLeikam/Documents/Codex/2026-09-25/files-mentioned-by-the-user-wingman/outputs/wingman-browser/test/ui/settings_protection_visual_test.dart: settings protection and library actual capture dark
00:59 +151 ~1: /Users/MattLeikam/Documents/Codex/2026-09-25/files-mentioned-by-the-user-wingman/outputs/wingman-browser/test/ui/settings_protection_visual_test.dart: settings protection and library actual capture dark
00:59 +152 ~1: /Users/MattLeikam/Documents/Codex/2026-09-25/files-mentioned-by-the-user-wingman/outputs/wingman-browser/test/ui/settings_protection_visual_test.dart: settings protection and library actual capture dark
00:59 +153 ~1: /Users/MattLeikam/Documents/Codex/2026-09-25/files-mentioned-by-the-user-wingman/outputs/wingman-browser/test/ui/settings_protection_visual_test.dart: settings protection and library actual capture dark
00:59 +154 ~1: /Users/MattLeikam/Documents/Codex/2026-09-25/files-mentioned-by-the-user-wingman/outputs/wingman-browser/test/ui/settings_protection_visual_test.dart: settings protection and library actual capture dark
00:59 +155 ~1: /Users/MattLeikam/Documents/Codex/2026-09-25/files-mentioned-by-the-user-wingman/outputs/wingman-browser/test/ui/settings_protection_visual_test.dart: settings protection and library actual capture dark
01:00 +156 ~1: /Users/MattLeikam/Documents/Codex/2026-09-25/files-mentioned-by-the-user-wingman/outputs/wingman-browser/test/ui/settings_protection_visual_test.dart: settings protection and library actual capture dark
01:01 +157 ~1: /Users/MattLeikam/Documents/Codex/2026-09-25/files-mentioned-by-the-user-wingman/outputs/wingman-browser/test/ui/launchpad_shell_test.dart: Privacy clear previews Launchpad alone and preserves bookmarks
01:04 +158 ~1: /Users/MattLeikam/Documents/Codex/2026-09-25/files-mentioned-by-the-user-wingman/outputs/wingman-browser/test/ui/launchpad_shell_test.dart: Privacy clear previews Launchpad alone and preserves bookmarks
01:04 +159 ~1: /Users/MattLeikam/Documents/Codex/2026-09-25/files-mentioned-by-the-user-wingman/outputs/wingman-browser/test/ui/launchpad_shell_test.dart: Privacy clear previews Launchpad alone and preserves bookmarks
01:04 +160 ~1: /Users/MattLeikam/Documents/Codex/2026-09-25/files-mentioned-by-the-user-wingman/outputs/wingman-browser/test/ui/focus_scope_integration_test.dart: optional Continue dismisses only focus while mandatory denial stays non-overridable
01:05 +161 ~1: /Users/MattLeikam/Documents/Codex/2026-09-25/files-mentioned-by-the-user-wingman/outputs/wingman-browser/test/protected_shell_test.dart: quarantine never exposes raw restored metadata; useful local search and saves
01:06 +162 ~1: /Users/MattLeikam/Documents/Codex/2026-09-25/files-mentioned-by-the-user-wingman/outputs/wingman-browser/test/protected_shell_test.dart: quarantine never exposes raw restored metadata; useful local search and saves
01:06 +163 ~1: /Users/MattLeikam/Documents/Codex/2026-09-25/files-mentioned-by-the-user-wingman/outputs/wingman-browser/test/protected_shell_test.dart: quarantine never exposes raw restored metadata; useful local search and saves
01:07 +164 ~1: /Users/MattLeikam/Documents/Codex/2026-09-25/files-mentioned-by-the-user-wingman/outputs/wingman-browser/test/protected_shell_test.dart: quarantine never exposes raw restored metadata; useful local search and saves
01:07 +165 ~1: /Users/MattLeikam/Documents/Codex/2026-09-25/files-mentioned-by-the-user-wingman/outputs/wingman-browser/test/strict_search_settings_test.dart: disabling web search persists, applies to private, and preserves destination rules
01:08 +166 ~1: /Users/MattLeikam/Documents/Codex/2026-09-25/files-mentioned-by-the-user-wingman/outputs/wingman-browser/test/strict_search_settings_test.dart: disabling web search persists, applies to private, and preserves destination rules
01:08 +167 ~1: /Users/MattLeikam/Documents/Codex/2026-09-25/files-mentioned-by-the-user-wingman/outputs/wingman-browser/test/strict_search_settings_test.dart: disabling web search persists, applies to private, and preserves destination rules
01:10 +168 ~1: /Users/MattLeikam/Documents/Codex/2026-09-25/files-mentioned-by-the-user-wingman/outputs/wingman-browser/test/strict_search_settings_test.dart: disabling web search persists, applies to private, and preserves destination rules
01:10 +169 ~1: /Users/MattLeikam/Documents/Codex/2026-09-25/files-mentioned-by-the-user-wingman/outputs/wingman-browser/test/strict_search_settings_test.dart: disabling web search persists, applies to private, and preserves destination rules
01:10 +170 ~1: /Users/MattLeikam/Documents/Codex/2026-09-25/files-mentioned-by-the-user-wingman/outputs/wingman-browser/test/ui/clear_data_navigation_test.dart: private selected clear removes a newer same-tab Workspace and notes dialog before destroying its services
01:10 +171 ~1: /Users/MattLeikam/Documents/Codex/2026-09-25/files-mentioned-by-the-user-wingman/outputs/wingman-browser/test/ui/clear_data_navigation_test.dart: private selected clear removes a newer same-tab Workspace and notes dialog before destroying its services
01:10 +172 ~1: /Users/MattLeikam/Documents/Codex/2026-09-25/files-mentioned-by-the-user-wingman/outputs/wingman-browser/test/ui/focus_scope_integration_test.dart: shell lifecycle pauses focus timer and does not auto-resume after returning
01:11 +173 ~1: /Users/MattLeikam/Documents/Codex/2026-09-25/files-mentioned-by-the-user-wingman/outputs/wingman-browser/test/protected_shell_test.dart: typed URI schemes cannot search externally and editing menu is local only
01:11 +174 ~1: /Users/MattLeikam/Documents/Codex/2026-09-25/files-mentioned-by-the-user-wingman/outputs/wingman-browser/test/protected_shell_test.dart: typed URI schemes cannot search externally and editing menu is local only
01:12 +175 ~1: /Users/MattLeikam/Documents/Codex/2026-09-25/files-mentioned-by-the-user-wingman/outputs/wingman-browser/test/protected_shell_test.dart: typed URI schemes cannot search externally and editing menu is local only
01:12 +176 ~1: /Users/MattLeikam/Documents/Codex/2026-09-25/files-mentioned-by-the-user-wingman/outputs/wingman-browser/test/protected_shell_test.dart: typed URI schemes cannot search externally and editing menu is local only
01:12 +177 ~1: /Users/MattLeikam/Documents/Codex/2026-09-25/files-mentioned-by-the-user-wingman/outputs/wingman-browser/test/protected_shell_test.dart: typed URI schemes cannot search externally and editing menu is local only
01:12 +178 ~1: /Users/MattLeikam/Documents/Codex/2026-09-25/files-mentioned-by-the-user-wingman/outputs/wingman-browser/test/protected_shell_test.dart: typed URI schemes cannot search externally and editing menu is local only
01:12 +179 ~1: /Users/MattLeikam/Documents/Codex/2026-09-25/files-mentioned-by-the-user-wingman/outputs/wingman-browser/test/protected_shell_test.dart: typed URI schemes cannot search externally and editing menu is local only
01:12 +180 ~1: /Users/MattLeikam/Documents/Codex/2026-09-25/files-mentioned-by-the-user-wingman/outputs/wingman-browser/test/protected_shell_test.dart: typed URI schemes cannot search externally and editing menu is local only
01:12 +181 ~1: /Users/MattLeikam/Documents/Codex/2026-09-25/files-mentioned-by-the-user-wingman/outputs/wingman-browser/test/protected_shell_test.dart: typed URI schemes cannot search externally and editing menu is local only
01:12 +182 ~1: /Users/MattLeikam/Documents/Codex/2026-09-25/files-mentioned-by-the-user-wingman/outputs/wingman-browser/test/protected_shell_test.dart: typed URI schemes cannot search externally and editing menu is local only
01:12 +183 ~1: /Users/MattLeikam/Documents/Codex/2026-09-25/files-mentioned-by-the-user-wingman/outputs/wingman-browser/test/protected_shell_test.dart: typed URI schemes cannot search externally and editing menu is local only
01:12 +184 ~1: /Users/MattLeikam/Documents/Codex/2026-09-25/files-mentioned-by-the-user-wingman/outputs/wingman-browser/test/protected_shell_test.dart: typed URI schemes cannot search externally and editing menu is local only
01:12 +185 ~1: /Users/MattLeikam/Documents/Codex/2026-09-25/files-mentioned-by-the-user-wingman/outputs/wingman-browser/test/protected_shell_test.dart: typed URI schemes cannot search externally and editing menu is local only
01:12 +186 ~1: /Users/MattLeikam/Documents/Codex/2026-09-25/files-mentioned-by-the-user-wingman/outputs/wingman-browser/test/protected_shell_test.dart: typed URI schemes cannot search externally and editing menu is local only
01:13 +187 ~1: /Users/MattLeikam/Documents/Codex/2026-09-25/files-mentioned-by-the-user-wingman/outputs/wingman-browser/test/protected_shell_test.dart: typed URI schemes cannot search externally and editing menu is local only
01:13 +188 ~1: /Users/MattLeikam/Documents/Codex/2026-09-25/files-mentioned-by-the-user-wingman/outputs/wingman-browser/test/protected_shell_test.dart: typed URI schemes cannot search externally and editing menu is local only
01:13 +189 ~1: /Users/MattLeikam/Documents/Codex/2026-09-25/files-mentioned-by-the-user-wingman/outputs/wingman-browser/test/protected_shell_test.dart: typed URI schemes cannot search externally and editing menu is local only
01:13 +190 ~1: /Users/MattLeikam/Documents/Codex/2026-09-25/files-mentioned-by-the-user-wingman/outputs/wingman-browser/test/protected_shell_test.dart: typed URI schemes cannot search externally and editing menu is local only
01:13 +191 ~1: /Users/MattLeikam/Documents/Codex/2026-09-25/files-mentioned-by-the-user-wingman/outputs/wingman-browser/test/protected_shell_test.dart: typed URI schemes cannot search externally and editing menu is local only
01:13 +192 ~1: /Users/MattLeikam/Documents/Codex/2026-09-25/files-mentioned-by-the-user-wingman/outputs/wingman-browser/test/protected_shell_test.dart: typed URI schemes cannot search externally and editing menu is local only
01:13 +193 ~1: /Users/MattLeikam/Documents/Codex/2026-09-25/files-mentioned-by-the-user-wingman/outputs/wingman-browser/test/protected_shell_test.dart: typed URI schemes cannot search externally and editing menu is local only
01:14 +194 ~1: /Users/MattLeikam/Documents/Codex/2026-09-25/files-mentioned-by-the-user-wingman/outputs/wingman-browser/test/protected_shell_test.dart: typed URI schemes cannot search externally and editing menu is local only
01:14 +195 ~1: /Users/MattLeikam/Documents/Codex/2026-09-25/files-mentioned-by-the-user-wingman/outputs/wingman-browser/test/protected_shell_test.dart: typed URI schemes cannot search externally and editing menu is local only
01:14 +196 ~1: /Users/MattLeikam/Documents/Codex/2026-09-25/files-mentioned-by-the-user-wingman/outputs/wingman-browser/test/protected_shell_test.dart: typed URI schemes cannot search externally and editing menu is local only
01:14 +197 ~1: /Users/MattLeikam/Documents/Codex/2026-09-25/files-mentioned-by-the-user-wingman/outputs/wingman-browser/test/protected_shell_test.dart: typed URI schemes cannot search externally and editing menu is local only
01:14 +198 ~1: /Users/MattLeikam/Documents/Codex/2026-09-25/files-mentioned-by-the-user-wingman/outputs/wingman-browser/test/protected_shell_test.dart: typed URI schemes cannot search externally and editing menu is local only
01:14 +199 ~1: /Users/MattLeikam/Documents/Codex/2026-09-25/files-mentioned-by-the-user-wingman/outputs/wingman-browser/test/protected_shell_test.dart: typed URI schemes cannot search externally and editing menu is local only
01:14 +200 ~1: /Users/MattLeikam/Documents/Codex/2026-09-25/files-mentioned-by-the-user-wingman/outputs/wingman-browser/test/protected_shell_test.dart: typed URI schemes cannot search externally and editing menu is local only
01:14 +201 ~1: /Users/MattLeikam/Documents/Codex/2026-09-25/files-mentioned-by-the-user-wingman/outputs/wingman-browser/test/protected_shell_test.dart: typed URI schemes cannot search externally and editing menu is local only
01:14 +202 ~1: /Users/MattLeikam/Documents/Codex/2026-09-25/files-mentioned-by-the-user-wingman/outputs/wingman-browser/test/protected_shell_test.dart: typed URI schemes cannot search externally and editing menu is local only
01:14 +203 ~1: /Users/MattLeikam/Documents/Codex/2026-09-25/files-mentioned-by-the-user-wingman/outputs/wingman-browser/test/protected_shell_test.dart: typed URI schemes cannot search externally and editing menu is local only
01:14 +204 ~1: /Users/MattLeikam/Documents/Codex/2026-09-25/files-mentioned-by-the-user-wingman/outputs/wingman-browser/test/protected_shell_test.dart: typed URI schemes cannot search externally and editing menu is local only
01:14 +205 ~1: /Users/MattLeikam/Documents/Codex/2026-09-25/files-mentioned-by-the-user-wingman/outputs/wingman-browser/test/protected_shell_test.dart: typed URI schemes cannot search externally and editing menu is local only
01:14 +206 ~1: /Users/MattLeikam/Documents/Codex/2026-09-25/files-mentioned-by-the-user-wingman/outputs/wingman-browser/test/protected_shell_test.dart: typed URI schemes cannot search externally and editing menu is local only
01:14 +207 ~1: /Users/MattLeikam/Documents/Codex/2026-09-25/files-mentioned-by-the-user-wingman/outputs/wingman-browser/test/protected_shell_test.dart: typed URI schemes cannot search externally and editing menu is local only
01:14 +208 ~1: /Users/MattLeikam/Documents/Codex/2026-09-25/files-mentioned-by-the-user-wingman/outputs/wingman-browser/test/protected_shell_test.dart: typed URI schemes cannot search externally and editing menu is local only
01:14 +209 ~1: /Users/MattLeikam/Documents/Codex/2026-09-25/files-mentioned-by-the-user-wingman/outputs/wingman-browser/test/protected_shell_test.dart: typed URI schemes cannot search externally and editing menu is local only
01:14 +210 ~1: /Users/MattLeikam/Documents/Codex/2026-09-25/files-mentioned-by-the-user-wingman/outputs/wingman-browser/test/protected_shell_test.dart: typed URI schemes cannot search externally and editing menu is local only
01:14 +211 ~1: /Users/MattLeikam/Documents/Codex/2026-09-25/files-mentioned-by-the-user-wingman/outputs/wingman-browser/test/protected_shell_test.dart: typed URI schemes cannot search externally and editing menu is local only
01:14 +212 ~1: /Users/MattLeikam/Documents/Codex/2026-09-25/files-mentioned-by-the-user-wingman/outputs/wingman-browser/test/protected_shell_test.dart: typed URI schemes cannot search externally and editing menu is local only
01:15 +213 ~1: /Users/MattLeikam/Documents/Codex/2026-09-25/files-mentioned-by-the-user-wingman/outputs/wingman-browser/test/protected_shell_test.dart: typed URI schemes cannot search externally and editing menu is local only
01:15 +214 ~1: /Users/MattLeikam/Documents/Codex/2026-09-25/files-mentioned-by-the-user-wingman/outputs/wingman-browser/test/protected_shell_test.dart: typed URI schemes cannot search externally and editing menu is local only
01:15 +215 ~1: /Users/MattLeikam/Documents/Codex/2026-09-25/files-mentioned-by-the-user-wingman/outputs/wingman-browser/test/protected_shell_test.dart: typed URI schemes cannot search externally and editing menu is local only
01:15 +216 ~1: /Users/MattLeikam/Documents/Codex/2026-09-25/files-mentioned-by-the-user-wingman/outputs/wingman-browser/test/protected_shell_test.dart: typed URI schemes cannot search externally and editing menu is local only
01:15 +217 ~1: /Users/MattLeikam/Documents/Codex/2026-09-25/files-mentioned-by-the-user-wingman/outputs/wingman-browser/test/protected_shell_test.dart: typed URI schemes cannot search externally and editing menu is local only
01:15 +218 ~1: /Users/MattLeikam/Documents/Codex/2026-09-25/files-mentioned-by-the-user-wingman/outputs/wingman-browser/test/protected_shell_test.dart: typed URI schemes cannot search externally and editing menu is local only
01:15 +219 ~1: /Users/MattLeikam/Documents/Codex/2026-09-25/files-mentioned-by-the-user-wingman/outputs/wingman-browser/test/signature/launchpad_core_test.dart: folder undo never overwrites edited children; concurrent token replay is rejected and failed undo is retryable
01:15 +220 ~1: /Users/MattLeikam/Documents/Codex/2026-09-25/files-mentioned-by-the-user-wingman/outputs/wingman-browser/test/protected_shell_test.dart: closing a private tab clears submitted and unsubmitted query state
01:15 +221 ~1: /Users/MattLeikam/Documents/Codex/2026-09-25/files-mentioned-by-the-user-wingman/outputs/wingman-browser/test/protected_shell_test.dart: closing a private tab clears submitted and unsubmitted query state
01:15 +222 ~1: /Users/MattLeikam/Documents/Codex/2026-09-25/files-mentioned-by-the-user-wingman/outputs/wingman-browser/test/protected_shell_test.dart: closing a private tab clears submitted and unsubmitted query state
01:16 +223 ~1: /Users/MattLeikam/Documents/Codex/2026-09-25/files-mentioned-by-the-user-wingman/outputs/wingman-browser/test/protected_shell_test.dart: closing a private tab clears submitted and unsubmitted query state
01:16 +224 ~1: /Users/MattLeikam/Documents/Codex/2026-09-25/files-mentioned-by-the-user-wingman/outputs/wingman-browser/test/signature/route_commit_screens_test.dart: official evidence remains inspectable with no live action and local search
01:17 +225 ~1: /Users/MattLeikam/Documents/Codex/2026-09-25/files-mentioned-by-the-user-wingman/outputs/wingman-browser/test/signature/route_commit_screens_test.dart: official evidence remains inspectable with no live action and local search
01:17 +226 ~1: /Users/MattLeikam/Documents/Codex/2026-09-25/files-mentioned-by-the-user-wingman/outputs/wingman-browser/test/signature/route_commit_screens_test.dart: official evidence remains inspectable with no live action and local search
01:17 +227 ~1: /Users/MattLeikam/Documents/Codex/2026-09-25/files-mentioned-by-the-user-wingman/outputs/wingman-browser/test/signature/route_commit_screens_test.dart: official evidence remains inspectable with no live action and local search
01:17 +228 ~1: /Users/MattLeikam/Documents/Codex/2026-09-25/files-mentioned-by-the-user-wingman/outputs/wingman-browser/test/signature/route_commit_screens_test.dart: official evidence remains inspectable with no live action and local search
01:17 +229 ~1: /Users/MattLeikam/Documents/Codex/2026-09-25/files-mentioned-by-the-user-wingman/outputs/wingman-browser/test/signature/route_commit_screens_test.dart: official evidence remains inspectable with no live action and local search
01:18 +230 ~1: /Users/MattLeikam/Documents/Codex/2026-09-25/files-mentioned-by-the-user-wingman/outputs/wingman-browser/test/signature/route_commit_screens_test.dart: official evidence remains inspectable with no live action and local search
01:18 +231 ~1: /Users/MattLeikam/Documents/Codex/2026-09-25/files-mentioned-by-the-user-wingman/outputs/wingman-browser/test/signature/route_commit_screens_test.dart: official evidence remains inspectable with no live action and local search
01:19 +232 ~1: /Users/MattLeikam/Documents/Codex/2026-09-25/files-mentioned-by-the-user-wingman/outputs/wingman-browser/test/signature/route_commit_screens_test.dart: official evidence remains inspectable with no live action and local search
01:19 +233 ~1: /Users/MattLeikam/Documents/Codex/2026-09-25/files-mentioned-by-the-user-wingman/outputs/wingman-browser/test/signature/route_commit_screens_test.dart: official evidence remains inspectable with no live action and local search
01:19 +234 ~1: /Users/MattLeikam/Documents/Codex/2026-09-25/files-mentioned-by-the-user-wingman/outputs/wingman-browser/test/signature/route_commit_screens_test.dart: official evidence remains inspectable with no live action and local search
01:19 +235 ~1: /Users/MattLeikam/Documents/Codex/2026-09-25/files-mentioned-by-the-user-wingman/outputs/wingman-browser/test/signature/route_commit_screens_test.dart: official evidence remains inspectable with no live action and local search
01:19 +236 ~1: /Users/MattLeikam/Documents/Codex/2026-09-25/files-mentioned-by-the-user-wingman/outputs/wingman-browser/test/signature/route_commit_screens_test.dart: official evidence remains inspectable with no live action and local search
01:20 +237 ~1: /Users/MattLeikam/Documents/Codex/2026-09-25/files-mentioned-by-the-user-wingman/outputs/wingman-browser/test/signature/root_handoff_startup_test.dart: actual application root never opens owner SQLite behind restored active handoff
01:20 +238 ~1: /Users/MattLeikam/Documents/Codex/2026-09-25/files-mentioned-by-the-user-wingman/outputs/wingman-browser/test/protected_shell_test.dart: reviewed UI remains scrollable at Size(844.0, 390.0) and 1.6x text
01:20 +239 ~1: /Users/MattLeikam/Documents/Codex/2026-09-25/files-mentioned-by-the-user-wingman/outputs/wingman-browser/test/protected_shell_test.dart: reviewed UI remains scrollable at Size(844.0, 390.0) and 1.6x text
01:20 +240 ~1: /Users/MattLeikam/Documents/Codex/2026-09-25/files-mentioned-by-the-user-wingman/outputs/wingman-browser/test/protected_shell_test.dart: reviewed UI remains scrollable at Size(844.0, 390.0) and 1.6x text
01:20 +241 ~1: /Users/MattLeikam/Documents/Codex/2026-09-25/files-mentioned-by-the-user-wingman/outputs/wingman-browser/test/protected_shell_test.dart: reviewed UI remains scrollable at Size(844.0, 390.0) and 1.6x text
01:20 +242 ~1: /Users/MattLeikam/Documents/Codex/2026-09-25/files-mentioned-by-the-user-wingman/outputs/wingman-browser/test/signature/route_commit_screens_test.dart: private analysis never reads or writes normal saved findings
01:20 +243 ~1: /Users/MattLeikam/Documents/Codex/2026-09-25/files-mentioned-by-the-user-wingman/outputs/wingman-browser/test/signature/route_commit_screens_test.dart: private analysis never reads or writes normal saved findings
01:20 +244 ~1: /Users/MattLeikam/Documents/Codex/2026-09-25/files-mentioned-by-the-user-wingman/outputs/wingman-browser/test/protected_shell_test.dart: reviewed UI remains scrollable at Size(1024.0, 768.0) and 1.6x text
01:20 +245 ~1: /Users/MattLeikam/Documents/Codex/2026-09-25/files-mentioned-by-the-user-wingman/outputs/wingman-browser/test/protected_shell_test.dart: reviewed UI remains scrollable at Size(1024.0, 768.0) and 1.6x text
01:21 +246 ~1: /Users/MattLeikam/Documents/Codex/2026-09-25/files-mentioned-by-the-user-wingman/outputs/wingman-browser/test/protected_shell_test.dart: reviewed UI remains scrollable at Size(1024.0, 768.0) and 1.6x text
01:21 +247 ~1: /Users/MattLeikam/Documents/Codex/2026-09-25/files-mentioned-by-the-user-wingman/outputs/wingman-browser/test/signature/route_commit_screens_test.dart: explicit save failure remains failed in UI and journal
01:21 +248 ~1: /Users/MattLeikam/Documents/Codex/2026-09-25/files-mentioned-by-the-user-wingman/outputs/wingman-browser/test/signature/route_commit_screens_test.dart: explicit save failure remains failed in UI and journal
01:21 +249 ~1: /Users/MattLeikam/Documents/Codex/2026-09-25/files-mentioned-by-the-user-wingman/outputs/wingman-browser/test/signature/route_commit_screens_test.dart: explicit save failure remains failed in UI and journal
01:21 +250 ~1: /Users/MattLeikam/Documents/Codex/2026-09-25/files-mentioned-by-the-user-wingman/outputs/wingman-browser/test/signature/ui_routes_commit_test.dart: review request accepts a canonical user domain and optional reason only
01:21 +251 ~1: /Users/MattLeikam/Documents/Codex/2026-09-25/files-mentioned-by-the-user-wingman/outputs/wingman-browser/test/signature/workspace_redesign_layout_test.dart: Finish layout at 1024.0 with 200% text
01:21 +252 ~1: /Users/MattLeikam/Documents/Codex/2026-09-25/files-mentioned-by-the-user-wingman/outputs/wingman-browser/test/signature/workspace_redesign_layout_test.dart: Finish layout at 1024.0 with 200% text
01:21 +253 ~1: /Users/MattLeikam/Documents/Codex/2026-09-25/files-mentioned-by-the-user-wingman/outputs/wingman-browser/test/signature/route_commit_screens_test.dart: saving and deleting require explicit consent and refresh shared list
01:21 +254 ~1: /Users/MattLeikam/Documents/Codex/2026-09-25/files-mentioned-by-the-user-wingman/outputs/wingman-browser/test/signature/route_commit_screens_test.dart: saving and deleting require explicit consent and refresh shared list
01:21 +255 ~1: /Users/MattLeikam/Documents/Codex/2026-09-25/files-mentioned-by-the-user-wingman/outputs/wingman-browser/test/signature/route_commit_screens_test.dart: saving and deleting require explicit consent and refresh shared list
01:21 +256 ~1: /Users/MattLeikam/Documents/Codex/2026-09-25/files-mentioned-by-the-user-wingman/outputs/wingman-browser/test/signature/route_commit_screens_test.dart: saving and deleting require explicit consent and refresh shared list
01:22 +257 ~1: /Users/MattLeikam/Documents/Codex/2026-09-25/files-mentioned-by-the-user-wingman/outputs/wingman-browser/test/signature/route_commit_screens_test.dart: saving and deleting require explicit consent and refresh shared list
01:22 +258 ~1: /Users/MattLeikam/Documents/Codex/2026-09-25/files-mentioned-by-the-user-wingman/outputs/wingman-browser/test/signature/route_commit_screens_test.dart: saving and deleting require explicit consent and refresh shared list
01:22 +259 ~1: /Users/MattLeikam/Documents/Codex/2026-09-25/files-mentioned-by-the-user-wingman/outputs/wingman-browser/test/signature/route_commit_screens_test.dart: saving and deleting require explicit consent and refresh shared list
01:22 +260 ~1: /Users/MattLeikam/Documents/Codex/2026-09-25/files-mentioned-by-the-user-wingman/outputs/wingman-browser/test/signature/route_commit_screens_test.dart: saving and deleting require explicit consent and refresh shared list
01:22 +261 ~1: /Users/MattLeikam/Documents/Codex/2026-09-25/files-mentioned-by-the-user-wingman/outputs/wingman-browser/test/signature/route_commit_screens_test.dart: saving and deleting require explicit consent and refresh shared list
01:22 +262 ~1: /Users/MattLeikam/Documents/Codex/2026-09-25/files-mentioned-by-the-user-wingman/outputs/wingman-browser/test/signature/route_commit_screens_test.dart: saving and deleting require explicit consent and refresh shared list
01:22 +263 ~1: /Users/MattLeikam/Documents/Codex/2026-09-25/files-mentioned-by-the-user-wingman/outputs/wingman-browser/test/signature/route_commit_screens_test.dart: saving and deleting require explicit consent and refresh shared list
01:22 +264 ~1: /Users/MattLeikam/Documents/Codex/2026-09-25/files-mentioned-by-the-user-wingman/outputs/wingman-browser/test/signature/route_commit_screens_test.dart: saving and deleting require explicit consent and refresh shared list
01:22 +265 ~1: /Users/MattLeikam/Documents/Codex/2026-09-25/files-mentioned-by-the-user-wingman/outputs/wingman-browser/test/signature/route_commit_screens_test.dart: saving and deleting require explicit consent and refresh shared list
01:22 +266 ~1: /Users/MattLeikam/Documents/Codex/2026-09-25/files-mentioned-by-the-user-wingman/outputs/wingman-browser/test/signature/ui_routes_commit_test.dart: request starts blank and copies only the exact explicit preview
01:22 +267 ~1: /Users/MattLeikam/Documents/Codex/2026-09-25/files-mentioned-by-the-user-wingman/outputs/wingman-browser/test/signature/ui_routes_commit_test.dart: request starts blank and copies only the exact explicit preview
01:22 +268 ~1: /Users/MattLeikam/Documents/Codex/2026-09-25/files-mentioned-by-the-user-wingman/outputs/wingman-browser/test/signature/ui_routes_commit_test.dart: request starts blank and copies only the exact explicit preview
01:22 +269 ~1: /Users/MattLeikam/Documents/Codex/2026-09-25/files-mentioned-by-the-user-wingman/outputs/wingman-browser/test/signature/ui_routes_commit_test.dart: request starts blank and copies only the exact explicit preview
01:23 +270 ~1: /Users/MattLeikam/Documents/Codex/2026-09-25/files-mentioned-by-the-user-wingman/outputs/wingman-browser/test/signature/ui_routes_commit_test.dart: request starts blank and copies only the exact explicit preview
01:23 +271 ~1: /Users/MattLeikam/Documents/Codex/2026-09-25/files-mentioned-by-the-user-wingman/outputs/wingman-browser/test/signature/route_commit_screens_test.dart: rapid push/pop cancels a delayed result even after route returns
01:23 +272 ~1: /Users/MattLeikam/Documents/Codex/2026-09-25/files-mentioned-by-the-user-wingman/outputs/wingman-browser/test/signature/ui_routes_commit_test.dart: request preview is invalidated by a rapid covered-route round trip
01:23 +273 ~1: /Users/MattLeikam/Documents/Codex/2026-09-25/files-mentioned-by-the-user-wingman/outputs/wingman-browser/test/signature/route_commit_screens_test.dart: background and resume never revive a pending result
01:23 +274 ~1: /Users/MattLeikam/Documents/Codex/2026-09-25/files-mentioned-by-the-user-wingman/outputs/wingman-browser/test/signature/ui_routes_commit_test.dart: pending request copy never claims completion after background and resume
01:23 +275 ~1: /Users/MattLeikam/Documents/Codex/2026-09-25/files-mentioned-by-the-user-wingman/outputs/wingman-browser/test/signature/ui_routes_commit_test.dart: pending request copy never claims completion after background and resume
01:23 +276 ~1: /Users/MattLeikam/Documents/Codex/2026-09-25/files-mentioned-by-the-user-wingman/outputs/wingman-browser/test/signature/ui_routes_commit_test.dart: pending request copy never claims completion after background and resume
01:23 +277 ~1: /Users/MattLeikam/Documents/Codex/2026-09-25/files-mentioned-by-the-user-wingman/outputs/wingman-browser/test/signature/ui_routes_commit_test.dart: pending request copy never claims completion after background and resume
01:23 +278 ~1: /Users/MattLeikam/Documents/Codex/2026-09-25/files-mentioned-by-the-user-wingman/outputs/wingman-browser/test/signature/ui_routes_commit_test.dart: pending request copy never claims completion after background and resume
01:23 +279 ~1: /Users/MattLeikam/Documents/Codex/2026-09-25/files-mentioned-by-the-user-wingman/outputs/wingman-browser/test/signature/ui_routes_commit_test.dart: pending request copy never claims completion after background and resume
01:23 +280 ~1: /Users/MattLeikam/Documents/Codex/2026-09-25/files-mentioned-by-the-user-wingman/outputs/wingman-browser/test/signature/ui_routes_commit_test.dart: pending request copy never claims completion after background and resume
01:23 +281 ~1: /Users/MattLeikam/Documents/Codex/2026-09-25/files-mentioned-by-the-user-wingman/outputs/wingman-browser/test/signature/ui_routes_commit_test.dart: pending request copy never claims completion after background and resume
01:23 +282 ~1: /Users/MattLeikam/Documents/Codex/2026-09-25/files-mentioned-by-the-user-wingman/outputs/wingman-browser/test/signature/ui_routes_commit_test.dart: pending request copy never claims completion after background and resume
01:23 +283 ~1: /Users/MattLeikam/Documents/Codex/2026-09-25/files-mentioned-by-the-user-wingman/outputs/wingman-browser/test/signature/ui_routes_commit_test.dart: pending request copy never claims completion after background and resume
01:23 +284 ~1: /Users/MattLeikam/Documents/Codex/2026-09-25/files-mentioned-by-the-user-wingman/outputs/wingman-browser/test/signature/workspace_navigation_races_test.dart: dismissing tab sheet during detach clears ownership without closing tabs in a newer private scope
01:23 +285 ~1: /Users/MattLeikam/Documents/Codex/2026-09-25/files-mentioned-by-the-user-wingman/outputs/wingman-browser/test/signature/workspace_navigation_races_test.dart: dismissing tab sheet during detach clears ownership without closing tabs in a newer private scope
01:23 +286 ~1: /Users/MattLeikam/Documents/Codex/2026-09-25/files-mentioned-by-the-user-wingman/outputs/wingman-browser/test/signature/workspace_navigation_races_test.dart: dismissing tab sheet during detach clears ownership without closing tabs in a newer private scope
01:23 +287 ~1: /Users/MattLeikam/Documents/Codex/2026-09-25/files-mentioned-by-the-user-wingman/outputs/wingman-browser/test/signature/workspace_navigation_races_test.dart: dismissing tab sheet during detach clears ownership without closing tabs in a newer private scope
01:25 +288 ~1: /Users/MattLeikam/Documents/Codex/2026-09-25/files-mentioned-by-the-user-wingman/outputs/wingman-browser/test/signature/workspace_navigation_races_test.dart: dismissing tab sheet during detach clears ownership without closing tabs in a newer private scope
01:25 +289 ~1: /Users/MattLeikam/Documents/Codex/2026-09-25/files-mentioned-by-the-user-wingman/outputs/wingman-browser/test/signature/workspace_navigation_races_test.dart: dismissing tab sheet during detach clears ownership without closing tabs in a newer private scope
01:25 +290 ~1: /Users/MattLeikam/Documents/Codex/2026-09-25/files-mentioned-by-the-user-wingman/outputs/wingman-browser/test/signature/workspace_navigation_races_test.dart: dismissing tab sheet during detach clears ownership without closing tabs in a newer private scope
01:26 +291 ~1: /Users/MattLeikam/Documents/Codex/2026-09-25/files-mentioned-by-the-user-wingman/outputs/wingman-browser/test/signature/workspace_navigation_races_test.dart: dismissing tab sheet during detach clears ownership without closing tabs in a newer private scope
01:26 +292 ~1: /Users/MattLeikam/Documents/Codex/2026-09-25/files-mentioned-by-the-user-wingman/outputs/wingman-browser/test/signature/workspace_navigation_races_test.dart: dismissing tab sheet during detach clears ownership without closing tabs in a newer private scope
01:26 +293 ~1: /Users/MattLeikam/Documents/Codex/2026-09-25/files-mentioned-by-the-user-wingman/outputs/wingman-browser/test/signature/workspace_navigation_races_test.dart: dismissing tab sheet during detach clears ownership without closing tabs in a newer private scope
01:26 +294 ~1: /Users/MattLeikam/Documents/Codex/2026-09-25/files-mentioned-by-the-user-wingman/outputs/wingman-browser/test/signature/workspace_navigation_races_test.dart: dismissing tab sheet during detach clears ownership without closing tabs in a newer private scope
01:26 +295 ~1: /Users/MattLeikam/Documents/Codex/2026-09-25/files-mentioned-by-the-user-wingman/outputs/wingman-browser/test/signature/workspace_navigation_races_test.dart: dismissing tab sheet during detach clears ownership without closing tabs in a newer private scope
01:26 +296 ~1: /Users/MattLeikam/Documents/Codex/2026-09-25/files-mentioned-by-the-user-wingman/outputs/wingman-browser/test/signature/workspace_navigation_races_test.dart: dismissing tab sheet during detach clears ownership without closing tabs in a newer private scope
01:26 +297 ~1: /Users/MattLeikam/Documents/Codex/2026-09-25/files-mentioned-by-the-user-wingman/outputs/wingman-browser/test/signature/workspace_navigation_races_test.dart: dismissing tab sheet during detach clears ownership without closing tabs in a newer private scope
01:26 +298 ~1: /Users/MattLeikam/Documents/Codex/2026-09-25/files-mentioned-by-the-user-wingman/outputs/wingman-browser/test/signature/workspace_navigation_races_test.dart: dismissing tab sheet during detach clears ownership without closing tabs in a newer private scope
01:26 +299 ~1: /Users/MattLeikam/Documents/Codex/2026-09-25/files-mentioned-by-the-user-wingman/outputs/wingman-browser/test/signature/workspace_navigation_races_test.dart: dismissing tab sheet during detach clears ownership without closing tabs in a newer private scope
01:26 +300 ~1: /Users/MattLeikam/Documents/Codex/2026-09-25/files-mentioned-by-the-user-wingman/outputs/wingman-browser/test/signature/workspace_navigation_races_test.dart: dismissing tab sheet during detach clears ownership without closing tabs in a newer private scope
01:26 +301 ~1: /Users/MattLeikam/Documents/Codex/2026-09-25/files-mentioned-by-the-user-wingman/outputs/wingman-browser/test/signature/workspace_navigation_races_test.dart: dismissing tab sheet during detach clears ownership without closing tabs in a newer private scope
01:26 +302 ~1: /Users/MattLeikam/Documents/Codex/2026-09-25/files-mentioned-by-the-user-wingman/outputs/wingman-browser/test/signature/workspace_navigation_races_test.dart: dismissing tab sheet during detach clears ownership without closing tabs in a newer private scope
01:27 +303 ~1: /Users/MattLeikam/Documents/Codex/2026-09-25/files-mentioned-by-the-user-wingman/outputs/wingman-browser/test/signature/workspace_navigation_races_test.dart: dismissing tab sheet during detach clears ownership without closing tabs in a newer private scope
01:27 +304 ~1: /Users/MattLeikam/Documents/Codex/2026-09-25/files-mentioned-by-the-user-wingman/outputs/wingman-browser/test/signature/workspace_navigation_races_test.dart: dismissing tab sheet during detach clears ownership without closing tabs in a newer private scope
01:27 +305 ~1: /Users/MattLeikam/Documents/Codex/2026-09-25/files-mentioned-by-the-user-wingman/outputs/wingman-browser/test/signature/workspace_navigation_races_test.dart: dismissing tab sheet during detach clears ownership without closing tabs in a newer private scope
01:27 +306 ~1: /Users/MattLeikam/Documents/Codex/2026-09-25/files-mentioned-by-the-user-wingman/outputs/wingman-browser/test/signature/workspace_navigation_races_test.dart: dismissing tab sheet during detach clears ownership without closing tabs in a newer private scope
01:27 +307 ~1: /Users/MattLeikam/Documents/Codex/2026-09-25/files-mentioned-by-the-user-wingman/outputs/wingman-browser/test/signature/workspace_navigation_races_test.dart: dismissing tab sheet during detach clears ownership without closing tabs in a newer private scope
01:27 +308 ~1: /Users/MattLeikam/Documents/Codex/2026-09-25/files-mentioned-by-the-user-wingman/outputs/wingman-browser/test/signature/workspace_navigation_races_test.dart: dismissing tab sheet during detach clears ownership without closing tabs in a newer private scope
01:27 +309 ~1: /Users/MattLeikam/Documents/Codex/2026-09-25/files-mentioned-by-the-user-wingman/outputs/wingman-browser/test/signature/workspace_navigation_races_test.dart: dismissing tab sheet during detach clears ownership without closing tabs in a newer private scope
01:27 +310 ~1: /Users/MattLeikam/Documents/Codex/2026-09-25/files-mentioned-by-the-user-wingman/outputs/wingman-browser/test/signature/workspace_navigation_races_test.dart: dismissing tab sheet during detach clears ownership without closing tabs in a newer private scope
01:27 +311 ~1: /Users/MattLeikam/Documents/Codex/2026-09-25/files-mentioned-by-the-user-wingman/outputs/wingman-browser/test/signature/workspace_navigation_races_test.dart: dismissing tab sheet during detach clears ownership without closing tabs in a newer private scope
01:27 +312 ~1: /Users/MattLeikam/Documents/Codex/2026-09-25/files-mentioned-by-the-user-wingman/outputs/wingman-browser/test/signature/workspace_navigation_races_test.dart: dismissing tab sheet during detach clears ownership without closing tabs in a newer private scope
01:27 +313 ~1: /Users/MattLeikam/Documents/Codex/2026-09-25/files-mentioned-by-the-user-wingman/outputs/wingman-browser/test/signature/workspace_navigation_races_test.dart: dismissing tab sheet during detach clears ownership without closing tabs in a newer private scope
01:27 +314 ~1: /Users/MattLeikam/Documents/Codex/2026-09-25/files-mentioned-by-the-user-wingman/outputs/wingman-browser/test/signature/workspace_navigation_races_test.dart: dismissing tab sheet during detach clears ownership without closing tabs in a newer private scope
01:27 +315 ~1: /Users/MattLeikam/Documents/Codex/2026-09-25/files-mentioned-by-the-user-wingman/outputs/wingman-browser/test/signature/workspace_navigation_races_test.dart: dismissing tab sheet during detach clears ownership without closing tabs in a newer private scope
01:27 +316 ~1: /Users/MattLeikam/Documents/Codex/2026-09-25/files-mentioned-by-the-user-wingman/outputs/wingman-browser/test/signature/workspace_navigation_races_test.dart: dismissing tab sheet during detach clears ownership without closing tabs in a newer private scope
01:27 +317 ~1: /Users/MattLeikam/Documents/Codex/2026-09-25/files-mentioned-by-the-user-wingman/outputs/wingman-browser/test/signature/workspace_navigation_races_test.dart: dismissing tab sheet during detach clears ownership without closing tabs in a newer private scope
01:27 +318 ~1: /Users/MattLeikam/Documents/Codex/2026-09-25/files-mentioned-by-the-user-wingman/outputs/wingman-browser/test/signature/workspace_navigation_races_test.dart: dismissing tab sheet during detach clears ownership without closing tabs in a newer private scope
01:27 +319 ~1: /Users/MattLeikam/Documents/Codex/2026-09-25/files-mentioned-by-the-user-wingman/outputs/wingman-browser/test/signature/workspace_navigation_races_test.dart: dismissing tab sheet during detach clears ownership without closing tabs in a newer private scope
01:27 +320 ~1: /Users/MattLeikam/Documents/Codex/2026-09-25/files-mentioned-by-the-user-wingman/outputs/wingman-browser/test/signature/workspace_navigation_races_test.dart: dismissing tab sheet during detach clears ownership without closing tabs in a newer private scope
01:27 +321 ~1: /Users/MattLeikam/Documents/Codex/2026-09-25/files-mentioned-by-the-user-wingman/outputs/wingman-browser/test/signature/workspace_navigation_races_test.dart: dismissing tab sheet during detach clears ownership without closing tabs in a newer private scope
01:27 +322 ~1: /Users/MattLeikam/Documents/Codex/2026-09-25/files-mentioned-by-the-user-wingman/outputs/wingman-browser/test/signature/integrated_workspaces_test.dart: all three chosen Spaces, actual notes editing, reorder, disable and restart restoration
01:28 +323 ~1: /Users/MattLeikam/Documents/Codex/2026-09-25/files-mentioned-by-the-user-wingman/outputs/wingman-browser/test/signature/integrated_workspaces_test.dart: all three chosen Spaces, actual notes editing, reorder, disable and restart restoration
01:28 +324 ~1: /Users/MattLeikam/Documents/Codex/2026-09-25/files-mentioned-by-the-user-wingman/outputs/wingman-browser/test/signature/integrated_workspaces_test.dart: all three chosen Spaces, actual notes editing, reorder, disable and restart restoration
01:28 +325 ~1: /Users/MattLeikam/Documents/Codex/2026-09-25/files-mentioned-by-the-user-wingman/outputs/wingman-browser/test/signature/integrated_workspaces_test.dart: all three chosen Spaces, actual notes editing, reorder, disable and restart restoration
01:28 +326 ~1: /Users/MattLeikam/Documents/Codex/2026-09-25/files-mentioned-by-the-user-wingman/outputs/wingman-browser/test/signature/integrated_workspaces_test.dart: all three chosen Spaces, actual notes editing, reorder, disable and restart restoration
01:28 +327 ~1: /Users/MattLeikam/Documents/Codex/2026-09-25/files-mentioned-by-the-user-wingman/outputs/wingman-browser/test/signature/integrated_workspaces_test.dart: all three chosen Spaces, actual notes editing, reorder, disable and restart restoration
01:28 +328 ~1: /Users/MattLeikam/Documents/Codex/2026-09-25/files-mentioned-by-the-user-wingman/outputs/wingman-browser/test/signature/integrated_workspaces_test.dart: all three chosen Spaces, actual notes editing, reorder, disable and restart restoration
01:28 +329 ~1: /Users/MattLeikam/Documents/Codex/2026-09-25/files-mentioned-by-the-user-wingman/outputs/wingman-browser/test/signature/integrated_workspaces_test.dart: all three chosen Spaces, actual notes editing, reorder, disable and restart restoration
01:28 +330 ~1: /Users/MattLeikam/Documents/Codex/2026-09-25/files-mentioned-by-the-user-wingman/outputs/wingman-browser/test/signature/integrated_workspaces_test.dart: all three chosen Spaces, actual notes editing, reorder, disable and restart restoration
01:28 +331 ~1: /Users/MattLeikam/Documents/Codex/2026-09-25/files-mentioned-by-the-user-wingman/outputs/wingman-browser/test/signature/integrated_workspaces_test.dart: all three chosen Spaces, actual notes editing, reorder, disable and restart restoration
01:28 +332 ~1: /Users/MattLeikam/Documents/Codex/2026-09-25/files-mentioned-by-the-user-wingman/outputs/wingman-browser/test/signature/integrated_workspaces_test.dart: all three chosen Spaces, actual notes editing, reorder, disable and restart restoration
01:28 +333 ~1: /Users/MattLeikam/Documents/Codex/2026-09-25/files-mentioned-by-the-user-wingman/outputs/wingman-browser/test/signature/integrated_workspaces_test.dart: all three chosen Spaces, actual notes editing, reorder, disable and restart restoration
01:28 +334 ~1: /Users/MattLeikam/Documents/Codex/2026-09-25/files-mentioned-by-the-user-wingman/outputs/wingman-browser/test/signature/integrated_workspaces_test.dart: all three chosen Spaces, actual notes editing, reorder, disable and restart restoration
01:28 +335 ~1: /Users/MattLeikam/Documents/Codex/2026-09-25/files-mentioned-by-the-user-wingman/outputs/wingman-browser/test/signature/integrated_workspaces_test.dart: all three chosen Spaces, actual notes editing, reorder, disable and restart restoration
01:28 +336 ~1: /Users/MattLeikam/Documents/Codex/2026-09-25/files-mentioned-by-the-user-wingman/outputs/wingman-browser/test/signature/integrated_workspaces_test.dart: all three chosen Spaces, actual notes editing, reorder, disable and restart restoration
01:28 +337 ~1: /Users/MattLeikam/Documents/Codex/2026-09-25/files-mentioned-by-the-user-wingman/outputs/wingman-browser/test/signature/integrated_workspaces_test.dart: all three chosen Spaces, actual notes editing, reorder, disable and restart restoration
01:28 +338 ~1: /Users/MattLeikam/Documents/Codex/2026-09-25/files-mentioned-by-the-user-wingman/outputs/wingman-browser/test/signature/integrated_workspaces_test.dart: all three chosen Spaces, actual notes editing, reorder, disable and restart restoration
01:28 +339 ~1: /Users/MattLeikam/Documents/Codex/2026-09-25/files-mentioned-by-the-user-wingman/outputs/wingman-browser/test/signature/integrated_workspaces_test.dart: all three chosen Spaces, actual notes editing, reorder, disable and restart restoration
01:28 +340 ~1: /Users/MattLeikam/Documents/Codex/2026-09-25/files-mentioned-by-the-user-wingman/outputs/wingman-browser/test/signature/integrated_workspaces_test.dart: all three chosen Spaces, actual notes editing, reorder, disable and restart restoration
01:28 +341 ~1: /Users/MattLeikam/Documents/Codex/2026-09-25/files-mentioned-by-the-user-wingman/outputs/wingman-browser/test/signature/integrated_workspaces_test.dart: all three chosen Spaces, actual notes editing, reorder, disable and restart restoration
01:28 +342 ~1: /Users/MattLeikam/Documents/Codex/2026-09-25/files-mentioned-by-the-user-wingman/outputs/wingman-browser/test/signature/integrated_workspaces_test.dart: all three chosen Spaces, actual notes editing, reorder, disable and restart restoration
01:28 +343 ~1: /Users/MattLeikam/Documents/Codex/2026-09-25/files-mentioned-by-the-user-wingman/outputs/wingman-browser/test/signature/integrated_workspaces_test.dart: all three chosen Spaces, actual notes editing, reorder, disable and restart restoration
01:28 +344 ~1: /Users/MattLeikam/Documents/Codex/2026-09-25/files-mentioned-by-the-user-wingman/outputs/wingman-browser/test/signature/integrated_workspaces_test.dart: all three chosen Spaces, actual notes editing, reorder, disable and restart restoration
01:28 +345 ~1: /Users/MattLeikam/Documents/Codex/2026-09-25/files-mentioned-by-the-user-wingman/outputs/wingman-browser/test/signature/integrated_workspaces_test.dart: all three chosen Spaces, actual notes editing, reorder, disable and restart restoration
01:28 +346 ~1: /Users/MattLeikam/Documents/Codex/2026-09-25/files-mentioned-by-the-user-wingman/outputs/wingman-browser/test/signature/integrated_workspaces_test.dart: all three chosen Spaces, actual notes editing, reorder, disable and restart restoration
01:28 +347 ~1: /Users/MattLeikam/Documents/Codex/2026-09-25/files-mentioned-by-the-user-wingman/outputs/wingman-browser/test/signature/integrated_workspaces_test.dart: all three chosen Spaces, actual notes editing, reorder, disable and restart restoration
01:28 +348 ~1: /Users/MattLeikam/Documents/Codex/2026-09-25/files-mentioned-by-the-user-wingman/outputs/wingman-browser/test/signature/integrated_workspaces_test.dart: all three chosen Spaces, actual notes editing, reorder, disable and restart restoration
01:29 +349 ~1: /Users/MattLeikam/Documents/Codex/2026-09-25/files-mentioned-by-the-user-wingman/outputs/wingman-browser/test/signature/integrated_workspaces_test.dart: all three chosen Spaces, actual notes editing, reorder, disable and restart restoration
01:29 +350 ~1: /Users/MattLeikam/Documents/Codex/2026-09-25/files-mentioned-by-the-user-wingman/outputs/wingman-browser/test/signature/integrated_workspaces_test.dart: all three chosen Spaces, actual notes editing, reorder, disable and restart restoration
01:29 +351 ~1: /Users/MattLeikam/Documents/Codex/2026-09-25/files-mentioned-by-the-user-wingman/outputs/wingman-browser/test/signature/integrated_workspaces_test.dart: all three chosen Spaces, actual notes editing, reorder, disable and restart restoration
01:29 +352 ~1: /Users/MattLeikam/Documents/Codex/2026-09-25/files-mentioned-by-the-user-wingman/outputs/wingman-browser/test/signature/integrated_workspaces_test.dart: all three chosen Spaces, actual notes editing, reorder, disable and restart restoration
01:29 +353 ~1: /Users/MattLeikam/Documents/Codex/2026-09-25/files-mentioned-by-the-user-wingman/outputs/wingman-browser/test/signature/integrated_workspaces_test.dart: all three chosen Spaces, actual notes editing, reorder, disable and restart restoration
01:29 +354 ~1: /Users/MattLeikam/Documents/Codex/2026-09-25/files-mentioned-by-the-user-wingman/outputs/wingman-browser/test/signature/integrated_workspaces_test.dart: all three chosen Spaces, actual notes editing, reorder, disable and restart restoration
01:29 +355 ~1: /Users/MattLeikam/Documents/Codex/2026-09-25/files-mentioned-by-the-user-wingman/outputs/wingman-browser/test/signature/integrated_workspaces_test.dart: all three chosen Spaces, actual notes editing, reorder, disable and restart restoration
01:29 +356 ~1: /Users/MattLeikam/Documents/Codex/2026-09-25/files-mentioned-by-the-user-wingman/outputs/wingman-browser/test/signature/integrated_workspaces_test.dart: all three chosen Spaces, actual notes editing, reorder, disable and restart restoration
01:29 +357 ~1: /Users/MattLeikam/Documents/Codex/2026-09-25/files-mentioned-by-the-user-wingman/outputs/wingman-browser/test/signature/integrated_workspaces_test.dart: all three chosen Spaces, actual notes editing, reorder, disable and restart restoration
01:29 +358 ~1: /Users/MattLeikam/Documents/Codex/2026-09-25/files-mentioned-by-the-user-wingman/outputs/wingman-browser/test/signature/integrated_workspaces_test.dart: all three chosen Spaces, actual notes editing, reorder, disable and restart restoration
01:29 +359 ~1: /Users/MattLeikam/Documents/Codex/2026-09-25/files-mentioned-by-the-user-wingman/outputs/wingman-browser/test/signature/integrated_workspaces_test.dart: all three chosen Spaces, actual notes editing, reorder, disable and restart restoration
01:30 +360 ~1: /Users/MattLeikam/Documents/Codex/2026-09-25/files-mentioned-by-the-user-wingman/outputs/wingman-browser/test/signature/workspace_navigation_races_test.dart: delayed task restoration cannot add or activate normal tabs after private navigation
01:30 +361 ~1: /Users/MattLeikam/Documents/Codex/2026-09-25/files-mentioned-by-the-user-wingman/outputs/wingman-browser/test/signature/workspace_navigation_races_test.dart: delayed task restoration cannot add or activate normal tabs after private navigation
01:30 +362 ~1: /Users/MattLeikam/Documents/Codex/2026-09-25/files-mentioned-by-the-user-wingman/outputs/wingman-browser/test/signature/workspace_navigation_races_test.dart: delayed task restoration cannot add or activate normal tabs after private navigation
01:30 +363 ~1: /Users/MattLeikam/Documents/Codex/2026-09-25/files-mentioned-by-the-user-wingman/outputs/wingman-browser/test/signature/workspace_navigation_races_test.dart: delayed task restoration cannot add or activate normal tabs after private navigation
01:30 +364 ~1: /Users/MattLeikam/Documents/Codex/2026-09-25/files-mentioned-by-the-user-wingman/outputs/wingman-browser/test/signature/workspace_navigation_races_test.dart: delayed task restoration cannot add or activate normal tabs after private navigation
01:30 +365 ~1: /Users/MattLeikam/Documents/Codex/2026-09-25/files-mentioned-by-the-user-wingman/outputs/wingman-browser/test/signature/workspace_navigation_races_test.dart: delayed task restoration cannot add or activate normal tabs after private navigation
01:30 +366 ~1: /Users/MattLeikam/Documents/Codex/2026-09-25/files-mentioned-by-the-user-wingman/outputs/wingman-browser/test/signature/workspace_navigation_races_test.dart: delayed task restoration cannot add or activate normal tabs after private navigation
01:30 +367 ~1: /Users/MattLeikam/Documents/Codex/2026-09-25/files-mentioned-by-the-user-wingman/outputs/wingman-browser/test/signature/workspace_navigation_races_test.dart: delayed task restoration cannot add or activate normal tabs after private navigation
01:30 +368 ~1: /Users/MattLeikam/Documents/Codex/2026-09-25/files-mentioned-by-the-user-wingman/outputs/wingman-browser/test/signature/workspace_navigation_races_test.dart: delayed task restoration cannot add or activate normal tabs after private navigation
01:30 +369 ~1: /Users/MattLeikam/Documents/Codex/2026-09-25/files-mentioned-by-the-user-wingman/outputs/wingman-browser/test/signature/workspace_navigation_races_test.dart: delayed task restoration cannot add or activate normal tabs after private navigation
01:30 +370 ~1: /Users/MattLeikam/Documents/Codex/2026-09-25/files-mentioned-by-the-user-wingman/outputs/wingman-browser/test/signature/workspace_navigation_races_test.dart: delayed task restoration cannot add or activate normal tabs after private navigation
01:30 +371 ~1: /Users/MattLeikam/Documents/Codex/2026-09-25/files-mentioned-by-the-user-wingman/outputs/wingman-browser/test/signature/workspace_navigation_races_test.dart: delayed task restoration cannot add or activate normal tabs after private navigation
01:30 +372 ~1: /Users/MattLeikam/Documents/Codex/2026-09-25/files-mentioned-by-the-user-wingman/outputs/wingman-browser/test/signature/workspace_navigation_races_test.dart: delayed task restoration cannot add or activate normal tabs after private navigation
01:30 +373 ~1: /Users/MattLeikam/Documents/Codex/2026-09-25/files-mentioned-by-the-user-wingman/outputs/wingman-browser/test/signature/workspace_navigation_races_test.dart: delayed task restoration cannot add or activate normal tabs after private navigation
01:30 +374 ~1: /Users/MattLeikam/Documents/Codex/2026-09-25/files-mentioned-by-the-user-wingman/outputs/wingman-browser/test/signature/integrated_workspaces_test.dart: Finish confirmation closes actual owned tab only and undo restores an unowned tab
01:30 +375 ~1: /Users/MattLeikam/Documents/Codex/2026-09-25/files-mentioned-by-the-user-wingman/outputs/wingman-browser/test/signature/integrated_workspaces_test.dart: Finish confirmation closes actual owned tab only and undo restores an unowned tab
01:30 +376 ~1: /Users/MattLeikam/Documents/Codex/2026-09-25/files-mentioned-by-the-user-wingman/outputs/wingman-browser/test/signature/integrated_workspaces_test.dart: Finish confirmation closes actual owned tab only and undo restores an unowned tab
01:30 +377 ~1: /Users/MattLeikam/Documents/Codex/2026-09-25/files-mentioned-by-the-user-wingman/outputs/wingman-browser/test/signature/integrated_workspaces_test.dart: Finish confirmation closes actual owned tab only and undo restores an unowned tab
01:30 +378 ~1: /Users/MattLeikam/Documents/Codex/2026-09-25/files-mentioned-by-the-user-wingman/outputs/wingman-browser/test/signature/integrated_workspaces_test.dart: Finish confirmation closes actual owned tab only and undo restores an unowned tab
01:31 +379 ~1: /Users/MattLeikam/Documents/Codex/2026-09-25/files-mentioned-by-the-user-wingman/outputs/wingman-browser/test/signature/integrated_workspaces_test.dart: Finish confirmation closes actual owned tab only and undo restores an unowned tab
01:31 +380 ~1: /Users/MattLeikam/Documents/Codex/2026-09-25/files-mentioned-by-the-user-wingman/outputs/wingman-browser/test/signature/integrated_workspaces_test.dart: Finish confirmation closes actual owned tab only and undo restores an unowned tab
01:32 +381 ~1: /Users/MattLeikam/Documents/Codex/2026-09-25/files-mentioned-by-the-user-wingman/outputs/wingman-browser/test/discovery/discovery_widgets_test.dart: gallery dispatches only caller-provided actions and opens local credits
01:32 +382 ~1: /Users/MattLeikam/Documents/Codex/2026-09-25/files-mentioned-by-the-user-wingman/outputs/wingman-browser/test/discovery/discovery_widgets_test.dart: gallery dispatches only caller-provided actions and opens local credits
01:32 +383 ~1: /Users/MattLeikam/Documents/Codex/2026-09-25/files-mentioned-by-the-user-wingman/outputs/wingman-browser/test/guard_controller_test.dart: retired override APIs remain inert while consumer baseline permits ordinary destinations
01:33 +384 ~1: /Users/MattLeikam/Documents/Codex/2026-09-25/files-mentioned-by-the-user-wingman/outputs/wingman-browser/test/state/browser_state_test.dart: alternate repositories cannot expose restored remote titles or private metadata
01:33 +385 ~1: /Users/MattLeikam/Documents/Codex/2026-09-25/files-mentioned-by-the-user-wingman/outputs/wingman-browser/test/signature/integrated_workspaces_test.dart: detached tab remains open when its previous task finishes
01:33 +386 ~1: /Users/MattLeikam/Documents/Codex/2026-09-25/files-mentioned-by-the-user-wingman/outputs/wingman-browser/test/signature/integrated_workspaces_test.dart: detached tab remains open when its previous task finishes
01:33 +387 ~1: /Users/MattLeikam/Documents/Codex/2026-09-25/files-mentioned-by-the-user-wingman/outputs/wingman-browser/test/signature/integrated_workspaces_test.dart: detached tab remains open when its previous task finishes
01:33 +388 ~1: /Users/MattLeikam/Documents/Codex/2026-09-25/files-mentioned-by-the-user-wingman/outputs/wingman-browser/test/signature/integrated_workspaces_test.dart: detached tab remains open when its previous task finishes
01:33 +389 ~1: /Users/MattLeikam/Documents/Codex/2026-09-25/files-mentioned-by-the-user-wingman/outputs/wingman-browser/test/signature/integrated_workspaces_test.dart: detached tab remains open when its previous task finishes
01:33 +390 ~1: /Users/MattLeikam/Documents/Codex/2026-09-25/files-mentioned-by-the-user-wingman/outputs/wingman-browser/test/signature/integrated_workspaces_test.dart: detached tab remains open when its previous task finishes
01:33 +391 ~1: /Users/MattLeikam/Documents/Codex/2026-09-25/files-mentioned-by-the-user-wingman/outputs/wingman-browser/test/signature/integrated_workspaces_test.dart: detached tab remains open when its previous task finishes
01:33 +392 ~1: /Users/MattLeikam/Documents/Codex/2026-09-25/files-mentioned-by-the-user-wingman/outputs/wingman-browser/test/signature/integrated_workspaces_test.dart: detached tab remains open when its previous task finishes
01:33 +393 ~1: /Users/MattLeikam/Documents/Codex/2026-09-25/files-mentioned-by-the-user-wingman/outputs/wingman-browser/test/signature/integrated_workspaces_test.dart: detached tab remains open when its previous task finishes
01:33 +394 ~1: /Users/MattLeikam/Documents/Codex/2026-09-25/files-mentioned-by-the-user-wingman/outputs/wingman-browser/test/signature/integrated_workspaces_test.dart: detached tab remains open when its previous task finishes
01:33 +395 ~1: /Users/MattLeikam/Documents/Codex/2026-09-25/files-mentioned-by-the-user-wingman/outputs/wingman-browser/test/signature/integrated_workspaces_test.dart: detached tab remains open when its previous task finishes
01:33 +396 ~1: /Users/MattLeikam/Documents/Codex/2026-09-25/files-mentioned-by-the-user-wingman/outputs/wingman-browser/test/signature/integrated_workspaces_test.dart: detached tab remains open when its previous task finishes
01:33 +397 ~1: /Users/MattLeikam/Documents/Codex/2026-09-25/files-mentioned-by-the-user-wingman/outputs/wingman-browser/test/signature/integrated_workspaces_test.dart: detached tab remains open when its previous task finishes
01:33 +398 ~1: /Users/MattLeikam/Documents/Codex/2026-09-25/files-mentioned-by-the-user-wingman/outputs/wingman-browser/test/signature/workspace_navigation_races_test.dart: leaving during a durable finish clears captured ownership without late closure or route pop
01:33 +399 ~1: /Users/MattLeikam/Documents/Codex/2026-09-25/files-mentioned-by-the-user-wingman/outputs/wingman-browser/test/signature/workspace_navigation_races_test.dart: leaving during a durable finish clears captured ownership without late closure or route pop
01:34 +400 ~1: /Users/MattLeikam/Documents/Codex/2026-09-25/files-mentioned-by-the-user-wingman/outputs/wingman-browser/test/signature/workspace_navigation_races_test.dart: leaving during a durable finish clears captured ownership without late closure or route pop
01:34 +401 ~1: /Users/MattLeikam/Documents/Codex/2026-09-25/files-mentioned-by-the-user-wingman/outputs/wingman-browser/test/signature/workspace_navigation_races_test.dart: leaving during a durable finish clears captured ownership without late closure or route pop
01:34 +402 ~1: /Users/MattLeikam/Documents/Codex/2026-09-25/files-mentioned-by-the-user-wingman/outputs/wingman-browser/test/signature/workspace_navigation_races_test.dart: leaving during a durable finish clears captured ownership without late closure or route pop
01:34 +403 ~1: /Users/MattLeikam/Documents/Codex/2026-09-25/files-mentioned-by-the-user-wingman/outputs/wingman-browser/test/signature/integrated_workspaces_test.dart: private workspace choices and findings never appear in normal store or new private session
01:35 +404 ~1: /Users/MattLeikam/Documents/Codex/2026-09-25/files-mentioned-by-the-user-wingman/outputs/wingman-browser/test/signature/integrated_workspaces_test.dart: private workspace choices and findings never appear in normal store or new private session
01:35 +405 ~1: /Users/MattLeikam/Documents/Codex/2026-09-25/files-mentioned-by-the-user-wingman/outputs/wingman-browser/test/signature/integrated_workspaces_test.dart: private workspace choices and findings never appear in normal store or new private session
01:35 +406 ~1: /Users/MattLeikam/Documents/Codex/2026-09-25/files-mentioned-by-the-user-wingman/outputs/wingman-browser/test/signature/integrated_workspaces_test.dart: private workspace choices and findings never appear in normal store or new private session
01:35 +407 ~1: /Users/MattLeikam/Documents/Codex/2026-09-25/files-mentioned-by-the-user-wingman/outputs/wingman-browser/test/signature/integrated_workspaces_test.dart: private workspace choices and findings never appear in normal store or new private session
01:35 +408 ~1: /Users/MattLeikam/Documents/Codex/2026-09-25/files-mentioned-by-the-user-wingman/outputs/wingman-browser/test/signature/integrated_workspaces_test.dart: private workspace choices and findings never appear in normal store or new private session
01:35 +409 ~1: /Users/MattLeikam/Documents/Codex/2026-09-25/files-mentioned-by-the-user-wingman/outputs/wingman-browser/test/signature/integrated_workspaces_test.dart: private workspace choices and findings never appear in normal store or new private session
01:35 +410 ~1: /Users/MattLeikam/Documents/Codex/2026-09-25/files-mentioned-by-the-user-wingman/outputs/wingman-browser/test/signature/integrated_workspaces_test.dart: private workspace choices and findings never appear in normal store or new private session
01:35 +411 ~1: /Users/MattLeikam/Documents/Codex/2026-09-25/files-mentioned-by-the-user-wingman/outputs/wingman-browser/test/signature/integrated_workspaces_test.dart: private workspace choices and findings never appear in normal store or new private session
01:35 +412 ~1: /Users/MattLeikam/Documents/Codex/2026-09-25/files-mentioned-by-the-user-wingman/outputs/wingman-browser/test/signature/integrated_workspaces_test.dart: private workspace choices and findings never appear in normal store or new private session
01:35 +413 ~1: /Users/MattLeikam/Documents/Codex/2026-09-25/files-mentioned-by-the-user-wingman/outputs/wingman-browser/test/signature/integrated_workspaces_test.dart: private workspace choices and findings never appear in normal store or new private session
01:35 +414 ~1: /Users/MattLeikam/Documents/Codex/2026-09-25/files-mentioned-by-the-user-wingman/outputs/wingman-browser/test/signature/integrated_workspaces_test.dart: private workspace choices and findings never appear in normal store or new private session
01:35 +415 ~1: /Users/MattLeikam/Documents/Codex/2026-09-25/files-mentioned-by-the-user-wingman/outputs/wingman-browser/test/signature/integrated_workspaces_test.dart: private workspace choices and findings never appear in normal store or new private session
01:35 +416 ~1: /Users/MattLeikam/Documents/Codex/2026-09-25/files-mentioned-by-the-user-wingman/outputs/wingman-browser/test/signature/integrated_workspaces_test.dart: private workspace choices and findings never appear in normal store or new private session
01:35 +417 ~1: /Users/MattLeikam/Documents/Codex/2026-09-25/files-mentioned-by-the-user-wingman/outputs/wingman-browser/test/signature/integrated_workspaces_test.dart: private workspace choices and findings never appear in normal store or new private session
01:35 +418 ~1: /Users/MattLeikam/Documents/Codex/2026-09-25/files-mentioned-by-the-user-wingman/outputs/wingman-browser/test/signature/integrated_workspaces_test.dart: private workspace choices and findings never appear in normal store or new private session
01:35 +419 ~1: /Users/MattLeikam/Documents/Codex/2026-09-25/files-mentioned-by-the-user-wingman/outputs/wingman-browser/test/signature/integrated_workspaces_test.dart: private workspace choices and findings never appear in normal store or new private session
01:35 +420 ~1: /Users/MattLeikam/Documents/Codex/2026-09-25/files-mentioned-by-the-user-wingman/outputs/wingman-browser/test/signature/integrated_workspaces_test.dart: private workspace choices and findings never appear in normal store or new private session
01:35 +421 ~1: /Users/MattLeikam/Documents/Codex/2026-09-25/files-mentioned-by-the-user-wingman/outputs/wingman-browser/test/signature/integrated_workspaces_test.dart: private workspace choices and findings never appear in normal store or new private session
01:35 +422 ~1: /Users/MattLeikam/Documents/Codex/2026-09-25/files-mentioned-by-the-user-wingman/outputs/wingman-browser/test/signature/integrated_workspaces_test.dart: private workspace choices and findings never appear in normal store or new private session
01:35 +423 ~1: /Users/MattLeikam/Documents/Codex/2026-09-25/files-mentioned-by-the-user-wingman/outputs/wingman-browser/test/signature/integrated_workspaces_test.dart: private workspace choices and findings never appear in normal store or new private session
01:35 +424 ~1: /Users/MattLeikam/Documents/Codex/2026-09-25/files-mentioned-by-the-user-wingman/outputs/wingman-browser/test/signature/integrated_workspaces_test.dart: private workspace choices and findings never appear in normal store or new private session
01:35 +425 ~1: /Users/MattLeikam/Documents/Codex/2026-09-25/files-mentioned-by-the-user-wingman/outputs/wingman-browser/test/discovery/discovery_widgets_test.dart: gallery, photo credits and artwork choices fit narrow and wide layouts at large text
01:35 +426 ~1: /Users/MattLeikam/Documents/Codex/2026-09-25/files-mentioned-by-the-user-wingman/outputs/wingman-browser/test/discovery/discovery_widgets_test.dart: gallery, photo credits and artwork choices fit narrow and wide layouts at large text
01:35 +427 ~1: /Users/MattLeikam/Documents/Codex/2026-09-25/files-mentioned-by-the-user-wingman/outputs/wingman-browser/test/discovery/discovery_widgets_test.dart: gallery, photo credits and artwork choices fit narrow and wide layouts at large text
01:36 +428 ~1: /Users/MattLeikam/Documents/Codex/2026-09-25/files-mentioned-by-the-user-wingman/outputs/wingman-browser/test/discovery/discovery_widgets_test.dart: gallery, photo credits and artwork choices fit narrow and wide layouts at large text
01:36 +429 ~1: /Users/MattLeikam/Documents/Codex/2026-09-25/files-mentioned-by-the-user-wingman/outputs/wingman-browser/test/discovery/discovery_widgets_test.dart: gallery, photo credits and artwork choices fit narrow and wide layouts at large text
01:37 +430 ~1: /Users/MattLeikam/Documents/Codex/2026-09-25/files-mentioned-by-the-user-wingman/outputs/wingman-browser/test/discovery/discovery_widgets_test.dart: gallery, photo credits and artwork choices fit narrow and wide layouts at large text
01:38 +431 ~1: /Users/MattLeikam/Documents/Codex/2026-09-25/files-mentioned-by-the-user-wingman/outputs/wingman-browser/test/launchpad/launchpad_layout_test.dart: Launchpad actual routes reflow and capture light
01:38 +432 ~1: /Users/MattLeikam/Documents/Codex/2026-09-25/files-mentioned-by-the-user-wingman/outputs/wingman-browser/test/launchpad/launchpad_layout_test.dart: Launchpad actual routes reflow and capture light
01:38 +433 ~1: /Users/MattLeikam/Documents/Codex/2026-09-25/files-mentioned-by-the-user-wingman/outputs/wingman-browser/test/launchpad/launchpad_layout_test.dart: Launchpad actual routes reflow and capture light
01:38 +434 ~1: /Users/MattLeikam/Documents/Codex/2026-09-25/files-mentioned-by-the-user-wingman/outputs/wingman-browser/test/launchpad/launchpad_layout_test.dart: Launchpad actual routes reflow and capture light
01:38 +435 ~1: /Users/MattLeikam/Documents/Codex/2026-09-25/files-mentioned-by-the-user-wingman/outputs/wingman-browser/test/launchpad/launchpad_layout_test.dart: Launchpad actual routes reflow and capture light
01:38 +436 ~1: /Users/MattLeikam/Documents/Codex/2026-09-25/files-mentioned-by-the-user-wingman/outputs/wingman-browser/test/launchpad/launchpad_layout_test.dart: Launchpad actual routes reflow and capture light
01:38 +437 ~1: /Users/MattLeikam/Documents/Codex/2026-09-25/files-mentioned-by-the-user-wingman/outputs/wingman-browser/test/launchpad/launchpad_layout_test.dart: Launchpad actual routes reflow and capture light
01:38 +438 ~1: /Users/MattLeikam/Documents/Codex/2026-09-25/files-mentioned-by-the-user-wingman/outputs/wingman-browser/test/launchpad/launchpad_layout_test.dart: Launchpad actual routes reflow and capture light
01:38 +439 ~1: /Users/MattLeikam/Documents/Codex/2026-09-25/files-mentioned-by-the-user-wingman/outputs/wingman-browser/test/launchpad/launchpad_layout_test.dart: Launchpad actual routes reflow and capture light
01:38 +440 ~1: /Users/MattLeikam/Documents/Codex/2026-09-25/files-mentioned-by-the-user-wingman/outputs/wingman-browser/test/launchpad/launchpad_layout_test.dart: Launchpad actual routes reflow and capture light
01:38 +441 ~1: /Users/MattLeikam/Documents/Codex/2026-09-25/files-mentioned-by-the-user-wingman/outputs/wingman-browser/test/launchpad/launchpad_layout_test.dart: Launchpad actual routes reflow and capture light
01:38 +442 ~1: /Users/MattLeikam/Documents/Codex/2026-09-25/files-mentioned-by-the-user-wingman/outputs/wingman-browser/test/launchpad/launchpad_layout_test.dart: Launchpad actual routes reflow and capture light
01:38 +443 ~1: /Users/MattLeikam/Documents/Codex/2026-09-25/files-mentioned-by-the-user-wingman/outputs/wingman-browser/test/launchpad/launchpad_layout_test.dart: Launchpad actual routes reflow and capture light
01:38 +444 ~1: /Users/MattLeikam/Documents/Codex/2026-09-25/files-mentioned-by-the-user-wingman/outputs/wingman-browser/test/launchpad/launchpad_layout_test.dart: Launchpad actual routes reflow and capture light
01:38 +445 ~1: /Users/MattLeikam/Documents/Codex/2026-09-25/files-mentioned-by-the-user-wingman/outputs/wingman-browser/test/launchpad/launchpad_layout_test.dart: Launchpad actual routes reflow and capture light
01:38 +446 ~1: /Users/MattLeikam/Documents/Codex/2026-09-25/files-mentioned-by-the-user-wingman/outputs/wingman-browser/test/launchpad/launchpad_layout_test.dart: Launchpad actual routes reflow and capture light
01:38 +447 ~1: /Users/MattLeikam/Documents/Codex/2026-09-25/files-mentioned-by-the-user-wingman/outputs/wingman-browser/test/launchpad/launchpad_layout_test.dart: Launchpad actual routes reflow and capture light
01:38 +448 ~1: /Users/MattLeikam/Documents/Codex/2026-09-25/files-mentioned-by-the-user-wingman/outputs/wingman-browser/test/launchpad/launchpad_layout_test.dart: Launchpad actual routes reflow and capture light
01:38 +449 ~1: /Users/MattLeikam/Documents/Codex/2026-09-25/files-mentioned-by-the-user-wingman/outputs/wingman-browser/test/launchpad/launchpad_layout_test.dart: Launchpad actual routes reflow and capture light
01:38 +450 ~1: /Users/MattLeikam/Documents/Codex/2026-09-25/files-mentioned-by-the-user-wingman/outputs/wingman-browser/test/launchpad/launchpad_layout_test.dart: Launchpad actual routes reflow and capture light
01:38 +451 ~1: /Users/MattLeikam/Documents/Codex/2026-09-25/files-mentioned-by-the-user-wingman/outputs/wingman-browser/test/launchpad/launchpad_layout_test.dart: Launchpad actual routes reflow and capture light
01:38 +452 ~1: /Users/MattLeikam/Documents/Codex/2026-09-25/files-mentioned-by-the-user-wingman/outputs/wingman-browser/test/launchpad/launchpad_layout_test.dart: Launchpad actual routes reflow and capture light
01:39 +453 ~1: /Users/MattLeikam/Documents/Codex/2026-09-25/files-mentioned-by-the-user-wingman/outputs/wingman-browser/test/launchpad/launchpad_layout_test.dart: Launchpad actual routes reflow and capture light
01:39 +454 ~1: /Users/MattLeikam/Documents/Codex/2026-09-25/files-mentioned-by-the-user-wingman/outputs/wingman-browser/test/launchpad/launchpad_layout_test.dart: Launchpad actual routes reflow and capture light
01:39 +455 ~1: /Users/MattLeikam/Documents/Codex/2026-09-25/files-mentioned-by-the-user-wingman/outputs/wingman-browser/test/launchpad/launchpad_layout_test.dart: Launchpad actual routes reflow and capture light
01:39 +456 ~1: /Users/MattLeikam/Documents/Codex/2026-09-25/files-mentioned-by-the-user-wingman/outputs/wingman-browser/test/launchpad/launchpad_layout_test.dart: Launchpad actual routes reflow and capture light
01:39 +456 ~2: /Users/MattLeikam/Documents/Codex/2026-09-25/files-mentioned-by-the-user-wingman/outputs/wingman-browser/test/launchpad/launchpad_layout_test.dart: Launchpad actual routes reflow and capture light
01:40 +457 ~2: /Users/MattLeikam/Documents/Codex/2026-09-25/files-mentioned-by-the-user-wingman/outputs/wingman-browser/test/launchpad/launchpad_layout_test.dart: Launchpad actual routes reflow and capture light
01:40 +458 ~2: /Users/MattLeikam/Documents/Codex/2026-09-25/files-mentioned-by-the-user-wingman/outputs/wingman-browser/test/launchpad/launchpad_layout_test.dart: Launchpad actual routes reflow and capture light
01:40 +459 ~2: /Users/MattLeikam/Documents/Codex/2026-09-25/files-mentioned-by-the-user-wingman/outputs/wingman-browser/test/launchpad/launchpad_layout_test.dart: Launchpad actual routes reflow and capture light
01:40 +460 ~2: /Users/MattLeikam/Documents/Codex/2026-09-25/files-mentioned-by-the-user-wingman/outputs/wingman-browser/test/launchpad/launchpad_layout_test.dart: Launchpad actual routes reflow and capture light
01:40 +461 ~2: /Users/MattLeikam/Documents/Codex/2026-09-25/files-mentioned-by-the-user-wingman/outputs/wingman-browser/test/launchpad/launchpad_layout_test.dart: Launchpad actual routes reflow and capture light
01:40 +462 ~2: /Users/MattLeikam/Documents/Codex/2026-09-25/files-mentioned-by-the-user-wingman/outputs/wingman-browser/test/launchpad/launchpad_layout_test.dart: Launchpad actual routes reflow and capture light
01:40 +463 ~2: /Users/MattLeikam/Documents/Codex/2026-09-25/files-mentioned-by-the-user-wingman/outputs/wingman-browser/test/launchpad/launchpad_layout_test.dart: Launchpad actual routes reflow and capture light
01:40 +464 ~2: /Users/MattLeikam/Documents/Codex/2026-09-25/files-mentioned-by-the-user-wingman/outputs/wingman-browser/test/launchpad/launchpad_layout_test.dart: Launchpad actual routes reflow and capture light
01:40 +465 ~2: /Users/MattLeikam/Documents/Codex/2026-09-25/files-mentioned-by-the-user-wingman/outputs/wingman-browser/test/launchpad/launchpad_layout_test.dart: Launchpad actual routes reflow and capture light
01:40 +466 ~2: /Users/MattLeikam/Documents/Codex/2026-09-25/files-mentioned-by-the-user-wingman/outputs/wingman-browser/test/launchpad/launchpad_layout_test.dart: Launchpad actual routes reflow and capture light
01:41 +467 ~2: /Users/MattLeikam/Documents/Codex/2026-09-25/files-mentioned-by-the-user-wingman/outputs/wingman-browser/test/launchpad/launchpad_layout_test.dart: Launchpad actual routes reflow and capture light
01:41 +468 ~2: /Users/MattLeikam/Documents/Codex/2026-09-25/files-mentioned-by-the-user-wingman/outputs/wingman-browser/test/launchpad/launchpad_layout_test.dart: Launchpad actual routes reflow and capture light
01:41 +469 ~2: /Users/MattLeikam/Documents/Codex/2026-09-25/files-mentioned-by-the-user-wingman/outputs/wingman-browser/test/launchpad/launchpad_layout_test.dart: Launchpad actual routes reflow and capture light
01:41 +470 ~2: /Users/MattLeikam/Documents/Codex/2026-09-25/files-mentioned-by-the-user-wingman/outputs/wingman-browser/test/launchpad/launchpad_layout_test.dart: Launchpad actual routes reflow and capture light
01:42 +471 ~2: /Users/MattLeikam/Documents/Codex/2026-09-25/files-mentioned-by-the-user-wingman/outputs/wingman-browser/test/launchpad/launchpad_layout_test.dart: Launchpad actual routes reflow and capture light
01:43 +472 ~2: /Users/MattLeikam/Documents/Codex/2026-09-25/files-mentioned-by-the-user-wingman/outputs/wingman-browser/test/launchpad/launchpad_layout_test.dart: Launchpad actual routes reflow and capture light
01:43 +473 ~2: /Users/MattLeikam/Documents/Codex/2026-09-25/files-mentioned-by-the-user-wingman/outputs/wingman-browser/test/launchpad/launchpad_layout_test.dart: Launchpad actual routes reflow and capture light
01:43 +474 ~2: /Users/MattLeikam/Documents/Codex/2026-09-25/files-mentioned-by-the-user-wingman/outputs/wingman-browser/test/launchpad/launchpad_layout_test.dart: Launchpad actual routes reflow and capture light
01:43 +475 ~2: /Users/MattLeikam/Documents/Codex/2026-09-25/files-mentioned-by-the-user-wingman/outputs/wingman-browser/test/launchpad/launchpad_layout_test.dart: Launchpad actual routes reflow and capture light
01:43 +476 ~2: /Users/MattLeikam/Documents/Codex/2026-09-25/files-mentioned-by-the-user-wingman/outputs/wingman-browser/test/launchpad/launchpad_layout_test.dart: Launchpad actual routes reflow and capture light
01:43 +477 ~2: /Users/MattLeikam/Documents/Codex/2026-09-25/files-mentioned-by-the-user-wingman/outputs/wingman-browser/test/launchpad/launchpad_layout_test.dart: Launchpad actual routes reflow and capture light
01:43 +478 ~2: /Users/MattLeikam/Documents/Codex/2026-09-25/files-mentioned-by-the-user-wingman/outputs/wingman-browser/test/launchpad/launchpad_layout_test.dart: Launchpad actual routes reflow and capture light
01:43 +479 ~2: /Users/MattLeikam/Documents/Codex/2026-09-25/files-mentioned-by-the-user-wingman/outputs/wingman-browser/test/launchpad/launchpad_layout_test.dart: Launchpad actual routes reflow and capture light
01:43 +480 ~2: /Users/MattLeikam/Documents/Codex/2026-09-25/files-mentioned-by-the-user-wingman/outputs/wingman-browser/test/launchpad/launchpad_layout_test.dart: Launchpad actual routes reflow and capture light
01:43 +481 ~2: /Users/MattLeikam/Documents/Codex/2026-09-25/files-mentioned-by-the-user-wingman/outputs/wingman-browser/test/launchpad/launchpad_layout_test.dart: Launchpad actual routes reflow and capture light
01:43 +482 ~2: /Users/MattLeikam/Documents/Codex/2026-09-25/files-mentioned-by-the-user-wingman/outputs/wingman-browser/test/launchpad/launchpad_layout_test.dart: Launchpad actual routes reflow and capture light
01:43 +483 ~2: /Users/MattLeikam/Documents/Codex/2026-09-25/files-mentioned-by-the-user-wingman/outputs/wingman-browser/test/launchpad/launchpad_layout_test.dart: Launchpad actual routes reflow and capture light
01:43 +484 ~2: /Users/MattLeikam/Documents/Codex/2026-09-25/files-mentioned-by-the-user-wingman/outputs/wingman-browser/test/launchpad/launchpad_layout_test.dart: Launchpad actual routes reflow and capture light
01:43 +485 ~2: /Users/MattLeikam/Documents/Codex/2026-09-25/files-mentioned-by-the-user-wingman/outputs/wingman-browser/test/launchpad/launchpad_layout_test.dart: Launchpad actual routes reflow and capture light
01:43 +486 ~2: /Users/MattLeikam/Documents/Codex/2026-09-25/files-mentioned-by-the-user-wingman/outputs/wingman-browser/test/launchpad/launchpad_layout_test.dart: Launchpad actual routes reflow and capture light
01:43 +487 ~2: /Users/MattLeikam/Documents/Codex/2026-09-25/files-mentioned-by-the-user-wingman/outputs/wingman-browser/test/launchpad/launchpad_layout_test.dart: Launchpad actual routes reflow and capture light
01:43 +488 ~2: /Users/MattLeikam/Documents/Codex/2026-09-25/files-mentioned-by-the-user-wingman/outputs/wingman-browser/test/launchpad/launchpad_layout_test.dart: Launchpad actual routes reflow and capture light
01:43 +489 ~2: /Users/MattLeikam/Documents/Codex/2026-09-25/files-mentioned-by-the-user-wingman/outputs/wingman-browser/test/launchpad/launchpad_layout_test.dart: Launchpad actual routes reflow and capture light
01:43 +490 ~2: /Users/MattLeikam/Documents/Codex/2026-09-25/files-mentioned-by-the-user-wingman/outputs/wingman-browser/test/launchpad/launchpad_layout_test.dart: Launchpad actual routes reflow and capture light
01:43 +491 ~2: /Users/MattLeikam/Documents/Codex/2026-09-25/files-mentioned-by-the-user-wingman/outputs/wingman-browser/test/launchpad/launchpad_layout_test.dart: Launchpad actual routes reflow and capture light
01:43 +492 ~2: /Users/MattLeikam/Documents/Codex/2026-09-25/files-mentioned-by-the-user-wingman/outputs/wingman-browser/test/launchpad/launchpad_layout_test.dart: Launchpad actual routes reflow and capture light
01:43 +493 ~2: /Users/MattLeikam/Documents/Codex/2026-09-25/files-mentioned-by-the-user-wingman/outputs/wingman-browser/test/launchpad/launchpad_layout_test.dart: Launchpad actual routes reflow and capture light
01:43 +494 ~2: /Users/MattLeikam/Documents/Codex/2026-09-25/files-mentioned-by-the-user-wingman/outputs/wingman-browser/test/launchpad/launchpad_layout_test.dart: Launchpad actual routes reflow and capture light
01:43 +495 ~2: /Users/MattLeikam/Documents/Codex/2026-09-25/files-mentioned-by-the-user-wingman/outputs/wingman-browser/test/launchpad/launchpad_layout_test.dart: Launchpad actual routes reflow and capture light
01:43 +496 ~2: /Users/MattLeikam/Documents/Codex/2026-09-25/files-mentioned-by-the-user-wingman/outputs/wingman-browser/test/launchpad/launchpad_layout_test.dart: Launchpad actual routes reflow and capture light
01:43 +497 ~2: /Users/MattLeikam/Documents/Codex/2026-09-25/files-mentioned-by-the-user-wingman/outputs/wingman-browser/test/launchpad/launchpad_layout_test.dart: Launchpad actual routes reflow and capture light
01:43 +498 ~2: /Users/MattLeikam/Documents/Codex/2026-09-25/files-mentioned-by-the-user-wingman/outputs/wingman-browser/test/launchpad/launchpad_layout_test.dart: Launchpad actual routes reflow and capture light
01:44 +499 ~2: /Users/MattLeikam/Documents/Codex/2026-09-25/files-mentioned-by-the-user-wingman/outputs/wingman-browser/test/launchpad/launchpad_layout_test.dart: Launchpad actual routes reflow and capture light
01:44 +500 ~2: /Users/MattLeikam/Documents/Codex/2026-09-25/files-mentioned-by-the-user-wingman/outputs/wingman-browser/test/launchpad/launchpad_layout_test.dart: Launchpad actual routes reflow and capture light
01:44 +501 ~2: /Users/MattLeikam/Documents/Codex/2026-09-25/files-mentioned-by-the-user-wingman/outputs/wingman-browser/test/launchpad/launchpad_layout_test.dart: Launchpad actual routes reflow and capture light
01:44 +502 ~2: /Users/MattLeikam/Documents/Codex/2026-09-25/files-mentioned-by-the-user-wingman/outputs/wingman-browser/test/launchpad/launchpad_layout_test.dart: Launchpad actual routes reflow and capture light
01:44 +503 ~2: /Users/MattLeikam/Documents/Codex/2026-09-25/files-mentioned-by-the-user-wingman/outputs/wingman-browser/test/launchpad/launchpad_layout_test.dart: Launchpad actual routes reflow and capture light
01:44 +504 ~2: /Users/MattLeikam/Documents/Codex/2026-09-25/files-mentioned-by-the-user-wingman/outputs/wingman-browser/test/launchpad/launchpad_layout_test.dart: Launchpad actual routes reflow and capture light
01:44 +505 ~2: /Users/MattLeikam/Documents/Codex/2026-09-25/files-mentioned-by-the-user-wingman/outputs/wingman-browser/test/launchpad/launchpad_layout_test.dart: Launchpad actual routes reflow and capture light
01:44 +506 ~2: /Users/MattLeikam/Documents/Codex/2026-09-25/files-mentioned-by-the-user-wingman/outputs/wingman-browser/test/launchpad/launchpad_layout_test.dart: Launchpad actual routes reflow and capture light
01:44 +507 ~2: /Users/MattLeikam/Documents/Codex/2026-09-25/files-mentioned-by-the-user-wingman/outputs/wingman-browser/test/launchpad/launchpad_layout_test.dart: Launchpad actual routes reflow and capture light
01:44 +508 ~2: /Users/MattLeikam/Documents/Codex/2026-09-25/files-mentioned-by-the-user-wingman/outputs/wingman-browser/test/launchpad/launchpad_layout_test.dart: Launchpad actual routes reflow and capture light
01:44 +509 ~2: /Users/MattLeikam/Documents/Codex/2026-09-25/files-mentioned-by-the-user-wingman/outputs/wingman-browser/test/launchpad/launchpad_layout_test.dart: Launchpad actual routes reflow and capture light
01:44 +510 ~2: /Users/MattLeikam/Documents/Codex/2026-09-25/files-mentioned-by-the-user-wingman/outputs/wingman-browser/test/launchpad/launchpad_layout_test.dart: Launchpad actual routes reflow and capture light
01:44 +511 ~2: /Users/MattLeikam/Documents/Codex/2026-09-25/files-mentioned-by-the-user-wingman/outputs/wingman-browser/test/launchpad/launchpad_layout_test.dart: Launchpad actual routes reflow and capture light
01:44 +512 ~2: /Users/MattLeikam/Documents/Codex/2026-09-25/files-mentioned-by-the-user-wingman/outputs/wingman-browser/test/launchpad/launchpad_layout_test.dart: Launchpad actual routes reflow and capture light
01:44 +513 ~2: /Users/MattLeikam/Documents/Codex/2026-09-25/files-mentioned-by-the-user-wingman/outputs/wingman-browser/test/launchpad/launchpad_layout_test.dart: Launchpad actual routes reflow and capture light
01:44 +514 ~2: /Users/MattLeikam/Documents/Codex/2026-09-25/files-mentioned-by-the-user-wingman/outputs/wingman-browser/test/launchpad/launchpad_layout_test.dart: Launchpad actual routes reflow and capture light
01:44 +515 ~2: /Users/MattLeikam/Documents/Codex/2026-09-25/files-mentioned-by-the-user-wingman/outputs/wingman-browser/test/launchpad/launchpad_layout_test.dart: Launchpad actual routes reflow and capture light
01:44 +516 ~2: /Users/MattLeikam/Documents/Codex/2026-09-25/files-mentioned-by-the-user-wingman/outputs/wingman-browser/test/launchpad/launchpad_layout_test.dart: Launchpad actual routes reflow and capture light
01:44 +517 ~2: /Users/MattLeikam/Documents/Codex/2026-09-25/files-mentioned-by-the-user-wingman/outputs/wingman-browser/test/launchpad/launchpad_layout_test.dart: Launchpad actual routes reflow and capture light
01:44 +518 ~2: /Users/MattLeikam/Documents/Codex/2026-09-25/files-mentioned-by-the-user-wingman/outputs/wingman-browser/test/launchpad/launchpad_layout_test.dart: Launchpad actual routes reflow and capture light
01:44 +519 ~2: /Users/MattLeikam/Documents/Codex/2026-09-25/files-mentioned-by-the-user-wingman/outputs/wingman-browser/test/launchpad/launchpad_layout_test.dart: Launchpad actual routes reflow and capture light
01:44 +520 ~2: /Users/MattLeikam/Documents/Codex/2026-09-25/files-mentioned-by-the-user-wingman/outputs/wingman-browser/test/launchpad/launchpad_layout_test.dart: Launchpad actual routes reflow and capture light
01:44 +521 ~2: /Users/MattLeikam/Documents/Codex/2026-09-25/files-mentioned-by-the-user-wingman/outputs/wingman-browser/test/launchpad/launchpad_layout_test.dart: Launchpad actual routes reflow and capture light
01:44 +522 ~2: /Users/MattLeikam/Documents/Codex/2026-09-25/files-mentioned-by-the-user-wingman/outputs/wingman-browser/test/launchpad/launchpad_layout_test.dart: Launchpad actual routes reflow and capture light
01:44 +523 ~2: /Users/MattLeikam/Documents/Codex/2026-09-25/files-mentioned-by-the-user-wingman/outputs/wingman-browser/test/launchpad/launchpad_layout_test.dart: Launchpad actual routes reflow and capture light
01:45 +524 ~2: /Users/MattLeikam/Documents/Codex/2026-09-25/files-mentioned-by-the-user-wingman/outputs/wingman-browser/test/launchpad/launchpad_layout_test.dart: Launchpad actual routes reflow and capture light
01:45 +525 ~2: /Users/MattLeikam/Documents/Codex/2026-09-25/files-mentioned-by-the-user-wingman/outputs/wingman-browser/test/launchpad/launchpad_layout_test.dart: Launchpad actual routes reflow and capture light
01:45 +526 ~2: /Users/MattLeikam/Documents/Codex/2026-09-25/files-mentioned-by-the-user-wingman/outputs/wingman-browser/test/launchpad/launchpad_layout_test.dart: Launchpad actual routes reflow and capture light
01:45 +527 ~2: /Users/MattLeikam/Documents/Codex/2026-09-25/files-mentioned-by-the-user-wingman/outputs/wingman-browser/test/launchpad/launchpad_layout_test.dart: Launchpad actual routes reflow and capture light
01:45 +528 ~2: /Users/MattLeikam/Documents/Codex/2026-09-25/files-mentioned-by-the-user-wingman/outputs/wingman-browser/test/launchpad/launchpad_layout_test.dart: Launchpad actual routes reflow and capture light
01:45 +529 ~2: /Users/MattLeikam/Documents/Codex/2026-09-25/files-mentioned-by-the-user-wingman/outputs/wingman-browser/test/launchpad/launchpad_layout_test.dart: Launchpad actual routes reflow and capture light
01:45 +530 ~2: /Users/MattLeikam/Documents/Codex/2026-09-25/files-mentioned-by-the-user-wingman/outputs/wingman-browser/test/launchpad/launchpad_layout_test.dart: Launchpad actual routes reflow and capture light
01:45 +531 ~2: /Users/MattLeikam/Documents/Codex/2026-09-25/files-mentioned-by-the-user-wingman/outputs/wingman-browser/test/launchpad/launchpad_layout_test.dart: Launchpad actual routes reflow and capture light
01:45 +532 ~2: /Users/MattLeikam/Documents/Codex/2026-09-25/files-mentioned-by-the-user-wingman/outputs/wingman-browser/test/launchpad/launchpad_layout_test.dart: Launchpad actual routes reflow and capture light
01:45 +533 ~2: /Users/MattLeikam/Documents/Codex/2026-09-25/files-mentioned-by-the-user-wingman/outputs/wingman-browser/test/launchpad/launchpad_layout_test.dart: Launchpad actual routes reflow and capture light
01:45 +534 ~2: /Users/MattLeikam/Documents/Codex/2026-09-25/files-mentioned-by-the-user-wingman/outputs/wingman-browser/test/launchpad/launchpad_layout_test.dart: Launchpad actual routes reflow and capture light
01:45 +535 ~2: /Users/MattLeikam/Documents/Codex/2026-09-25/files-mentioned-by-the-user-wingman/outputs/wingman-browser/test/launchpad/launchpad_layout_test.dart: Launchpad actual routes reflow and capture light
01:45 +536 ~2: /Users/MattLeikam/Documents/Codex/2026-09-25/files-mentioned-by-the-user-wingman/outputs/wingman-browser/test/launchpad/launchpad_layout_test.dart: Launchpad actual routes reflow and capture light
01:45 +537 ~2: /Users/MattLeikam/Documents/Codex/2026-09-25/files-mentioned-by-the-user-wingman/outputs/wingman-browser/test/launchpad/launchpad_layout_test.dart: Launchpad actual routes reflow and capture light
01:45 +538 ~2: /Users/MattLeikam/Documents/Codex/2026-09-25/files-mentioned-by-the-user-wingman/outputs/wingman-browser/test/launchpad/launchpad_layout_test.dart: Launchpad actual routes reflow and capture light
01:45 +539 ~2: /Users/MattLeikam/Documents/Codex/2026-09-25/files-mentioned-by-the-user-wingman/outputs/wingman-browser/test/launchpad/launchpad_layout_test.dart: Launchpad actual routes reflow and capture light
01:45 +540 ~2: /Users/MattLeikam/Documents/Codex/2026-09-25/files-mentioned-by-the-user-wingman/outputs/wingman-browser/test/launchpad/launchpad_layout_test.dart: Launchpad actual routes reflow and capture light
01:45 +541 ~2: /Users/MattLeikam/Documents/Codex/2026-09-25/files-mentioned-by-the-user-wingman/outputs/wingman-browser/test/launchpad/launchpad_layout_test.dart: Launchpad actual routes reflow and capture light
01:45 +542 ~2: /Users/MattLeikam/Documents/Codex/2026-09-25/files-mentioned-by-the-user-wingman/outputs/wingman-browser/test/launchpad/launchpad_layout_test.dart: Launchpad actual routes reflow and capture light
01:45 +543 ~2: /Users/MattLeikam/Documents/Codex/2026-09-25/files-mentioned-by-the-user-wingman/outputs/wingman-browser/test/launchpad/launchpad_layout_test.dart: Launchpad actual routes reflow and capture light
01:45 +544 ~2: /Users/MattLeikam/Documents/Codex/2026-09-25/files-mentioned-by-the-user-wingman/outputs/wingman-browser/test/launchpad/launchpad_layout_test.dart: Launchpad actual routes reflow and capture light
01:45 +545 ~2: /Users/MattLeikam/Documents/Codex/2026-09-25/files-mentioned-by-the-user-wingman/outputs/wingman-browser/test/launchpad/launchpad_layout_test.dart: Launchpad actual routes reflow and capture light
01:45 +546 ~2: /Users/MattLeikam/Documents/Codex/2026-09-25/files-mentioned-by-the-user-wingman/outputs/wingman-browser/test/launchpad/launchpad_layout_test.dart: Launchpad actual routes reflow and capture light
01:45 +547 ~2: /Users/MattLeikam/Documents/Codex/2026-09-25/files-mentioned-by-the-user-wingman/outputs/wingman-browser/test/launchpad/launchpad_layout_test.dart: Launchpad actual routes reflow and capture light
01:45 +548 ~2: /Users/MattLeikam/Documents/Codex/2026-09-25/files-mentioned-by-the-user-wingman/outputs/wingman-browser/test/launchpad/launchpad_layout_test.dart: Launchpad actual routes reflow and capture light
01:45 +549 ~2: /Users/MattLeikam/Documents/Codex/2026-09-25/files-mentioned-by-the-user-wingman/outputs/wingman-browser/test/launchpad/launchpad_layout_test.dart: Launchpad actual routes reflow and capture light
01:46 +550 ~2: /Users/MattLeikam/Documents/Codex/2026-09-25/files-mentioned-by-the-user-wingman/outputs/wingman-browser/test/launchpad/launchpad_layout_test.dart: Launchpad actual routes reflow and capture light
01:46 +551 ~2: /Users/MattLeikam/Documents/Codex/2026-09-25/files-mentioned-by-the-user-wingman/outputs/wingman-browser/test/launchpad/launchpad_layout_test.dart: Launchpad actual routes reflow and capture light
01:47 +552 ~2: /Users/MattLeikam/Documents/Codex/2026-09-25/files-mentioned-by-the-user-wingman/outputs/wingman-browser/test/launchpad/launchpad_layout_test.dart: Launchpad actual routes reflow and capture light
01:47 +552 ~3: /Users/MattLeikam/Documents/Codex/2026-09-25/files-mentioned-by-the-user-wingman/outputs/wingman-browser/test/launchpad/launchpad_layout_test.dart: Launchpad actual routes reflow and capture light
01:47 +553 ~3: /Users/MattLeikam/Documents/Codex/2026-09-25/files-mentioned-by-the-user-wingman/outputs/wingman-browser/test/launchpad/launchpad_layout_test.dart: Launchpad actual routes reflow and capture light
01:47 +554 ~3: /Users/MattLeikam/Documents/Codex/2026-09-25/files-mentioned-by-the-user-wingman/outputs/wingman-browser/test/launchpad/launchpad_layout_test.dart: Launchpad actual routes reflow and capture light
01:47 +555 ~3: /Users/MattLeikam/Documents/Codex/2026-09-25/files-mentioned-by-the-user-wingman/outputs/wingman-browser/test/launchpad/launchpad_layout_test.dart: Launchpad actual routes reflow and capture light
01:47 +556 ~3: /Users/MattLeikam/Documents/Codex/2026-09-25/files-mentioned-by-the-user-wingman/outputs/wingman-browser/test/launchpad/launchpad_layout_test.dart: Launchpad actual routes reflow and capture light
01:47 +557 ~3: /Users/MattLeikam/Documents/Codex/2026-09-25/files-mentioned-by-the-user-wingman/outputs/wingman-browser/test/launchpad/launchpad_layout_test.dart: Launchpad actual routes reflow and capture light
01:47 +558 ~3: /Users/MattLeikam/Documents/Codex/2026-09-25/files-mentioned-by-the-user-wingman/outputs/wingman-browser/test/launchpad/launchpad_layout_test.dart: Launchpad actual routes reflow and capture light
01:47 +559 ~3: /Users/MattLeikam/Documents/Codex/2026-09-25/files-mentioned-by-the-user-wingman/outputs/wingman-browser/test/launchpad/launchpad_layout_test.dart: Launchpad actual routes reflow and capture light
01:47 +560 ~3: /Users/MattLeikam/Documents/Codex/2026-09-25/files-mentioned-by-the-user-wingman/outputs/wingman-browser/test/launchpad/launchpad_layout_test.dart: Launchpad actual routes reflow and capture light
01:47 +561 ~3: /Users/MattLeikam/Documents/Codex/2026-09-25/files-mentioned-by-the-user-wingman/outputs/wingman-browser/test/launchpad/launchpad_layout_test.dart: Launchpad actual routes reflow and capture light
01:47 +562 ~3: /Users/MattLeikam/Documents/Codex/2026-09-25/files-mentioned-by-the-user-wingman/outputs/wingman-browser/test/launchpad/launchpad_layout_test.dart: Launchpad actual routes reflow and capture light
01:47 +563 ~3: /Users/MattLeikam/Documents/Codex/2026-09-25/files-mentioned-by-the-user-wingman/outputs/wingman-browser/test/launchpad/launchpad_layout_test.dart: Launchpad actual routes reflow and capture light
01:47 +564 ~3: /Users/MattLeikam/Documents/Codex/2026-09-25/files-mentioned-by-the-user-wingman/outputs/wingman-browser/test/launchpad/launchpad_layout_test.dart: Launchpad actual routes reflow and capture light
01:47 +565 ~3: /Users/MattLeikam/Documents/Codex/2026-09-25/files-mentioned-by-the-user-wingman/outputs/wingman-browser/test/launchpad/launchpad_layout_test.dart: Launchpad actual routes reflow and capture light
01:47 +566 ~3: /Users/MattLeikam/Documents/Codex/2026-09-25/files-mentioned-by-the-user-wingman/outputs/wingman-browser/test/launchpad/launchpad_layout_test.dart: Launchpad actual routes reflow and capture light
01:47 +567 ~3: /Users/MattLeikam/Documents/Codex/2026-09-25/files-mentioned-by-the-user-wingman/outputs/wingman-browser/test/launchpad/launchpad_layout_test.dart: Launchpad actual routes reflow and capture light
01:47 +568 ~3: /Users/MattLeikam/Documents/Codex/2026-09-25/files-mentioned-by-the-user-wingman/outputs/wingman-browser/test/launchpad/launchpad_layout_test.dart: Launchpad actual routes reflow and capture light
01:48 +569 ~3: /Users/MattLeikam/Documents/Codex/2026-09-25/files-mentioned-by-the-user-wingman/outputs/wingman-browser/test/launchpad/launchpad_layout_test.dart: Launchpad actual routes reflow and capture light
01:48 +570 ~3: /Users/MattLeikam/Documents/Codex/2026-09-25/files-mentioned-by-the-user-wingman/outputs/wingman-browser/test/launchpad/launchpad_layout_test.dart: Launchpad actual routes reflow and capture light
01:48 +571 ~3: /Users/MattLeikam/Documents/Codex/2026-09-25/files-mentioned-by-the-user-wingman/outputs/wingman-browser/test/launchpad/launchpad_layout_test.dart: Launchpad actual routes reflow and capture light
01:48 +572 ~3: /Users/MattLeikam/Documents/Codex/2026-09-25/files-mentioned-by-the-user-wingman/outputs/wingman-browser/test/launchpad/launchpad_layout_test.dart: Launchpad actual routes reflow and capture light
01:48 +573 ~3: /Users/MattLeikam/Documents/Codex/2026-09-25/files-mentioned-by-the-user-wingman/outputs/wingman-browser/test/launchpad/launchpad_layout_test.dart: Launchpad actual routes reflow and capture light
01:48 +574 ~3: /Users/MattLeikam/Documents/Codex/2026-09-25/files-mentioned-by-the-user-wingman/outputs/wingman-browser/test/launchpad/launchpad_layout_test.dart: Launchpad actual routes reflow and capture light
01:48 +575 ~3: /Users/MattLeikam/Documents/Codex/2026-09-25/files-mentioned-by-the-user-wingman/outputs/wingman-browser/test/launchpad/launchpad_layout_test.dart: Launchpad actual routes reflow and capture light
01:48 +576 ~3: /Users/MattLeikam/Documents/Codex/2026-09-25/files-mentioned-by-the-user-wingman/outputs/wingman-browser/test/launchpad/launchpad_layout_test.dart: Launchpad actual routes reflow and capture light
01:48 +577 ~3: /Users/MattLeikam/Documents/Codex/2026-09-25/files-mentioned-by-the-user-wingman/outputs/wingman-browser/test/launchpad/launchpad_layout_test.dart: Launchpad actual routes reflow and capture light
01:48 +578 ~3: /Users/MattLeikam/Documents/Codex/2026-09-25/files-mentioned-by-the-user-wingman/outputs/wingman-browser/test/launchpad/launchpad_layout_test.dart: Launchpad actual routes reflow and capture light
01:48 +579 ~3: /Users/MattLeikam/Documents/Codex/2026-09-25/files-mentioned-by-the-user-wingman/outputs/wingman-browser/test/launchpad/launchpad_layout_test.dart: Launchpad actual routes reflow and capture light
01:49 +580 ~3: /Users/MattLeikam/Documents/Codex/2026-09-25/files-mentioned-by-the-user-wingman/outputs/wingman-browser/test/launchpad/launchpad_layout_test.dart: Launchpad actual routes reflow and capture light
01:49 +581 ~3: /Users/MattLeikam/Documents/Codex/2026-09-25/files-mentioned-by-the-user-wingman/outputs/wingman-browser/test/launchpad/launchpad_layout_test.dart: Launchpad actual routes reflow and capture light
01:50 +582 ~3: /Users/MattLeikam/Documents/Codex/2026-09-25/files-mentioned-by-the-user-wingman/outputs/wingman-browser/test/launchpad/launchpad_layout_test.dart: Launchpad actual routes reflow and capture light
01:50 +583 ~3: /Users/MattLeikam/Documents/Codex/2026-09-25/files-mentioned-by-the-user-wingman/outputs/wingman-browser/test/launchpad/launchpad_layout_test.dart: Launchpad actual routes reflow and capture light
01:50 +584 ~3: /Users/MattLeikam/Documents/Codex/2026-09-25/files-mentioned-by-the-user-wingman/outputs/wingman-browser/test/launchpad/launchpad_layout_test.dart: Launchpad actual routes reflow and capture light
01:50 +585 ~3: /Users/MattLeikam/Documents/Codex/2026-09-25/files-mentioned-by-the-user-wingman/outputs/wingman-browser/test/launchpad/launchpad_layout_test.dart: Launchpad actual routes reflow and capture light
01:50 +586 ~3: /Users/MattLeikam/Documents/Codex/2026-09-25/files-mentioned-by-the-user-wingman/outputs/wingman-browser/test/launchpad/launchpad_layout_test.dart: Launchpad actual routes reflow and capture light
01:50 +587 ~3: /Users/MattLeikam/Documents/Codex/2026-09-25/files-mentioned-by-the-user-wingman/outputs/wingman-browser/test/launchpad/launchpad_layout_test.dart: Launchpad actual routes reflow and capture light
01:50 +588 ~3: /Users/MattLeikam/Documents/Codex/2026-09-25/files-mentioned-by-the-user-wingman/outputs/wingman-browser/test/launchpad/launchpad_layout_test.dart: Launchpad actual routes reflow and capture light
01:50 +589 ~3: /Users/MattLeikam/Documents/Codex/2026-09-25/files-mentioned-by-the-user-wingman/outputs/wingman-browser/test/launchpad/launchpad_layout_test.dart: Launchpad actual routes reflow and capture light
01:51 +590 ~3: /Users/MattLeikam/Documents/Codex/2026-09-25/files-mentioned-by-the-user-wingman/outputs/wingman-browser/test/launchpad/launchpad_layout_test.dart: Launchpad actual routes reflow and capture light
01:51 +591 ~3: /Users/MattLeikam/Documents/Codex/2026-09-25/files-mentioned-by-the-user-wingman/outputs/wingman-browser/test/launchpad/launchpad_layout_test.dart: Launchpad actual routes reflow and capture light
01:51 +592 ~3: /Users/MattLeikam/Documents/Codex/2026-09-25/files-mentioned-by-the-user-wingman/outputs/wingman-browser/test/launchpad/launchpad_layout_test.dart: Launchpad actual routes reflow and capture light
01:51 +593 ~3: /Users/MattLeikam/Documents/Codex/2026-09-25/files-mentioned-by-the-user-wingman/outputs/wingman-browser/test/launchpad/launchpad_layout_test.dart: Launchpad actual routes reflow and capture light
01:51 +594 ~3: /Users/MattLeikam/Documents/Codex/2026-09-25/files-mentioned-by-the-user-wingman/outputs/wingman-browser/test/launchpad/launchpad_layout_test.dart: Launchpad actual routes reflow and capture light
01:51 +595 ~3: /Users/MattLeikam/Documents/Codex/2026-09-25/files-mentioned-by-the-user-wingman/outputs/wingman-browser/test/launchpad/launchpad_layout_test.dart: Launchpad actual routes reflow and capture light
01:51 +596 ~3: /Users/MattLeikam/Documents/Codex/2026-09-25/files-mentioned-by-the-user-wingman/outputs/wingman-browser/test/launchpad/launchpad_layout_test.dart: Launchpad actual routes reflow and capture light
01:51 +597 ~3: /Users/MattLeikam/Documents/Codex/2026-09-25/files-mentioned-by-the-user-wingman/outputs/wingman-browser/test/launchpad/launchpad_layout_test.dart: Launchpad actual routes reflow and capture light
01:51 +598 ~3: /Users/MattLeikam/Documents/Codex/2026-09-25/files-mentioned-by-the-user-wingman/outputs/wingman-browser/test/launchpad/launchpad_layout_test.dart: Launchpad actual routes reflow and capture light
01:51 +599 ~3: /Users/MattLeikam/Documents/Codex/2026-09-25/files-mentioned-by-the-user-wingman/outputs/wingman-browser/test/launchpad/launchpad_layout_test.dart: Launchpad actual routes reflow and capture light
01:52 +600 ~3: /Users/MattLeikam/Documents/Codex/2026-09-25/files-mentioned-by-the-user-wingman/outputs/wingman-browser/test/launchpad/launchpad_layout_test.dart: Launchpad actual routes reflow and capture light
01:52 +601 ~3: /Users/MattLeikam/Documents/Codex/2026-09-25/files-mentioned-by-the-user-wingman/outputs/wingman-browser/test/launchpad/launchpad_layout_test.dart: Launchpad actual routes reflow and capture light
01:52 +602 ~3: /Users/MattLeikam/Documents/Codex/2026-09-25/files-mentioned-by-the-user-wingman/outputs/wingman-browser/test/launchpad/launchpad_layout_test.dart: Launchpad actual routes reflow and capture light
01:52 +603 ~3: /Users/MattLeikam/Documents/Codex/2026-09-25/files-mentioned-by-the-user-wingman/outputs/wingman-browser/test/launchpad/launchpad_layout_test.dart: Launchpad actual routes reflow and capture light
01:53 +604 ~3: /Users/MattLeikam/Documents/Codex/2026-09-25/files-mentioned-by-the-user-wingman/outputs/wingman-browser/test/launchpad/launchpad_layout_test.dart: Launchpad actual routes reflow and capture light
01:53 +605 ~3: /Users/MattLeikam/Documents/Codex/2026-09-25/files-mentioned-by-the-user-wingman/outputs/wingman-browser/test/launchpad/launchpad_ui_test.dart: queued edit does not revive after background returns
01:53 +606 ~3: /Users/MattLeikam/Documents/Codex/2026-09-25/files-mentioned-by-the-user-wingman/outputs/wingman-browser/test/launchpad/launchpad_layout_test.dart: Launchpad actual routes reflow and capture dark
01:53 +607 ~3: /Users/MattLeikam/Documents/Codex/2026-09-25/files-mentioned-by-the-user-wingman/outputs/wingman-browser/test/launchpad/launchpad_layout_test.dart: Launchpad actual routes reflow and capture dark
01:53 +608 ~3: /Users/MattLeikam/Documents/Codex/2026-09-25/files-mentioned-by-the-user-wingman/outputs/wingman-browser/test/launchpad/launchpad_layout_test.dart: Launchpad actual routes reflow and capture dark
01:53 +609 ~3: /Users/MattLeikam/Documents/Codex/2026-09-25/files-mentioned-by-the-user-wingman/outputs/wingman-browser/test/launchpad/launchpad_layout_test.dart: Launchpad actual routes reflow and capture dark
01:53 +610 ~3: /Users/MattLeikam/Documents/Codex/2026-09-25/files-mentioned-by-the-user-wingman/outputs/wingman-browser/test/launchpad/launchpad_layout_test.dart: Launchpad actual routes reflow and capture dark
01:53 +611 ~3: /Users/MattLeikam/Documents/Codex/2026-09-25/files-mentioned-by-the-user-wingman/outputs/wingman-browser/test/launchpad/launchpad_layout_test.dart: Launchpad actual routes reflow and capture dark
01:53 +612 ~3: /Users/MattLeikam/Documents/Codex/2026-09-25/files-mentioned-by-the-user-wingman/outputs/wingman-browser/test/launchpad/launchpad_layout_test.dart: Launchpad actual routes reflow and capture dark
01:53 +613 ~3: /Users/MattLeikam/Documents/Codex/2026-09-25/files-mentioned-by-the-user-wingman/outputs/wingman-browser/test/launchpad/launchpad_layout_test.dart: Launchpad actual routes reflow and capture dark
01:53 +614 ~3: /Users/MattLeikam/Documents/Codex/2026-09-25/files-mentioned-by-the-user-wingman/outputs/wingman-browser/test/launchpad/launchpad_layout_test.dart: Launchpad actual routes reflow and capture dark
01:54 +615 ~3: /Users/MattLeikam/Documents/Codex/2026-09-25/files-mentioned-by-the-user-wingman/outputs/wingman-browser/test/launchpad/launchpad_layout_test.dart: Launchpad actual routes reflow and capture dark
01:55 +616 ~3: /Users/MattLeikam/Documents/Codex/2026-09-25/files-mentioned-by-the-user-wingman/outputs/wingman-browser/test/launchpad/launchpad_layout_test.dart: Launchpad actual routes reflow and capture dark
01:55 +616 ~4: /Users/MattLeikam/Documents/Codex/2026-09-25/files-mentioned-by-the-user-wingman/outputs/wingman-browser/test/launchpad/launchpad_layout_test.dart: Launchpad actual routes reflow and capture dark
01:55 +617 ~4: /Users/MattLeikam/Documents/Codex/2026-09-25/files-mentioned-by-the-user-wingman/outputs/wingman-browser/test/launchpad/launchpad_layout_test.dart: Launchpad actual routes reflow and capture dark
01:55 +618 ~4: /Users/MattLeikam/Documents/Codex/2026-09-25/files-mentioned-by-the-user-wingman/outputs/wingman-browser/test/launchpad/launchpad_layout_test.dart: Launchpad actual routes reflow and capture dark
01:55 +619 ~4: /Users/MattLeikam/Documents/Codex/2026-09-25/files-mentioned-by-the-user-wingman/outputs/wingman-browser/test/launchpad/launchpad_layout_test.dart: Launchpad actual routes reflow and capture dark
01:55 +620 ~4: /Users/MattLeikam/Documents/Codex/2026-09-25/files-mentioned-by-the-user-wingman/outputs/wingman-browser/test/launchpad/launchpad_layout_test.dart: Launchpad actual routes reflow and capture dark
01:55 +621 ~4: /Users/MattLeikam/Documents/Codex/2026-09-25/files-mentioned-by-the-user-wingman/outputs/wingman-browser/test/launchpad/launchpad_layout_test.dart: Launchpad actual routes reflow and capture dark
01:55 +622 ~4: /Users/MattLeikam/Documents/Codex/2026-09-25/files-mentioned-by-the-user-wingman/outputs/wingman-browser/test/launchpad/launchpad_layout_test.dart: Launchpad actual routes reflow and capture dark
01:55 +623 ~4: /Users/MattLeikam/Documents/Codex/2026-09-25/files-mentioned-by-the-user-wingman/outputs/wingman-browser/test/launchpad/launchpad_layout_test.dart: Launchpad actual routes reflow and capture dark
01:55 +624 ~4: /Users/MattLeikam/Documents/Codex/2026-09-25/files-mentioned-by-the-user-wingman/outputs/wingman-browser/test/launchpad/launchpad_layout_test.dart: Launchpad actual routes reflow and capture dark
01:55 +625 ~4: /Users/MattLeikam/Documents/Codex/2026-09-25/files-mentioned-by-the-user-wingman/outputs/wingman-browser/test/launchpad/launchpad_layout_test.dart: Launchpad actual routes reflow and capture dark
01:55 +626 ~4: /Users/MattLeikam/Documents/Codex/2026-09-25/files-mentioned-by-the-user-wingman/outputs/wingman-browser/test/launchpad/launchpad_layout_test.dart: Launchpad actual routes reflow and capture dark
01:55 +627 ~4: /Users/MattLeikam/Documents/Codex/2026-09-25/files-mentioned-by-the-user-wingman/outputs/wingman-browser/test/launchpad/launchpad_layout_test.dart: Launchpad actual routes reflow and capture dark
01:55 +628 ~4: /Users/MattLeikam/Documents/Codex/2026-09-25/files-mentioned-by-the-user-wingman/outputs/wingman-browser/test/launchpad/launchpad_layout_test.dart: Launchpad actual routes reflow and capture dark
01:55 +629 ~4: /Users/MattLeikam/Documents/Codex/2026-09-25/files-mentioned-by-the-user-wingman/outputs/wingman-browser/test/launchpad/launchpad_layout_test.dart: Launchpad actual routes reflow and capture dark
01:55 +630 ~4: /Users/MattLeikam/Documents/Codex/2026-09-25/files-mentioned-by-the-user-wingman/outputs/wingman-browser/test/launchpad/launchpad_layout_test.dart: Launchpad actual routes reflow and capture dark
01:55 +631 ~4: /Users/MattLeikam/Documents/Codex/2026-09-25/files-mentioned-by-the-user-wingman/outputs/wingman-browser/test/launchpad/launchpad_layout_test.dart: Launchpad actual routes reflow and capture dark
01:55 +632 ~4: /Users/MattLeikam/Documents/Codex/2026-09-25/files-mentioned-by-the-user-wingman/outputs/wingman-browser/test/launchpad/launchpad_layout_test.dart: Launchpad actual routes reflow and capture dark
01:55 +633 ~4: /Users/MattLeikam/Documents/Codex/2026-09-25/files-mentioned-by-the-user-wingman/outputs/wingman-browser/test/launchpad/launchpad_layout_test.dart: Launchpad actual routes reflow and capture dark
01:55 +634 ~4: /Users/MattLeikam/Documents/Codex/2026-09-25/files-mentioned-by-the-user-wingman/outputs/wingman-browser/test/launchpad/launchpad_layout_test.dart: Launchpad actual routes reflow and capture dark
01:55 +635 ~4: /Users/MattLeikam/Documents/Codex/2026-09-25/files-mentioned-by-the-user-wingman/outputs/wingman-browser/test/launchpad/launchpad_layout_test.dart: Launchpad actual routes reflow and capture dark
01:55 +636 ~4: /Users/MattLeikam/Documents/Codex/2026-09-25/files-mentioned-by-the-user-wingman/outputs/wingman-browser/test/launchpad/launchpad_layout_test.dart: Launchpad actual routes reflow and capture dark
01:55 +637 ~4: /Users/MattLeikam/Documents/Codex/2026-09-25/files-mentioned-by-the-user-wingman/outputs/wingman-browser/test/launchpad/launchpad_layout_test.dart: Launchpad actual routes reflow and capture dark
01:55 +638 ~4: /Users/MattLeikam/Documents/Codex/2026-09-25/files-mentioned-by-the-user-wingman/outputs/wingman-browser/test/launchpad/launchpad_layout_test.dart: Launchpad actual routes reflow and capture dark
01:55 +639 ~4: /Users/MattLeikam/Documents/Codex/2026-09-25/files-mentioned-by-the-user-wingman/outputs/wingman-browser/test/launchpad/launchpad_layout_test.dart: Launchpad actual routes reflow and capture dark
01:55 +640 ~4: /Users/MattLeikam/Documents/Codex/2026-09-25/files-mentioned-by-the-user-wingman/outputs/wingman-browser/test/launchpad/launchpad_layout_test.dart: Launchpad actual routes reflow and capture dark
01:55 +641 ~4: /Users/MattLeikam/Documents/Codex/2026-09-25/files-mentioned-by-the-user-wingman/outputs/wingman-browser/test/launchpad/launchpad_layout_test.dart: Launchpad actual routes reflow and capture dark
01:55 +642 ~4: /Users/MattLeikam/Documents/Codex/2026-09-25/files-mentioned-by-the-user-wingman/outputs/wingman-browser/test/launchpad/launchpad_layout_test.dart: Launchpad actual routes reflow and capture dark
01:55 +643 ~4: /Users/MattLeikam/Documents/Codex/2026-09-25/files-mentioned-by-the-user-wingman/outputs/wingman-browser/test/launchpad/launchpad_layout_test.dart: Launchpad actual routes reflow and capture dark
01:55 +644 ~4: /Users/MattLeikam/Documents/Codex/2026-09-25/files-mentioned-by-the-user-wingman/outputs/wingman-browser/test/launchpad/launchpad_layout_test.dart: Launchpad actual routes reflow and capture dark
01:55 +645 ~4: /Users/MattLeikam/Documents/Codex/2026-09-25/files-mentioned-by-the-user-wingman/outputs/wingman-browser/test/launchpad/launchpad_layout_test.dart: Launchpad actual routes reflow and capture dark
01:55 +646 ~4: /Users/MattLeikam/Documents/Codex/2026-09-25/files-mentioned-by-the-user-wingman/outputs/wingman-browser/test/launchpad/launchpad_layout_test.dart: Launchpad actual routes reflow and capture dark
01:55 +647 ~4: /Users/MattLeikam/Documents/Codex/2026-09-25/files-mentioned-by-the-user-wingman/outputs/wingman-browser/test/launchpad/launchpad_layout_test.dart: Launchpad actual routes reflow and capture dark
01:55 +648 ~4: /Users/MattLeikam/Documents/Codex/2026-09-25/files-mentioned-by-the-user-wingman/outputs/wingman-browser/test/launchpad/launchpad_layout_test.dart: Launchpad actual routes reflow and capture dark
01:55 +649 ~4: /Users/MattLeikam/Documents/Codex/2026-09-25/files-mentioned-by-the-user-wingman/outputs/wingman-browser/test/launchpad/launchpad_layout_test.dart: Launchpad actual routes reflow and capture dark
01:55 +650 ~4: /Users/MattLeikam/Documents/Codex/2026-09-25/files-mentioned-by-the-user-wingman/outputs/wingman-browser/test/launchpad/launchpad_layout_test.dart: Launchpad actual routes reflow and capture dark
01:55 +651 ~4: /Users/MattLeikam/Documents/Codex/2026-09-25/files-mentioned-by-the-user-wingman/outputs/wingman-browser/test/launchpad/launchpad_layout_test.dart: Launchpad actual routes reflow and capture dark
01:55 +652 ~4: /Users/MattLeikam/Documents/Codex/2026-09-25/files-mentioned-by-the-user-wingman/outputs/wingman-browser/test/launchpad/launchpad_layout_test.dart: Launchpad actual routes reflow and capture dark
01:55 +653 ~4: /Users/MattLeikam/Documents/Codex/2026-09-25/files-mentioned-by-the-user-wingman/outputs/wingman-browser/test/launchpad/launchpad_layout_test.dart: Launchpad actual routes reflow and capture dark
01:55 +654 ~4: /Users/MattLeikam/Documents/Codex/2026-09-25/files-mentioned-by-the-user-wingman/outputs/wingman-browser/test/launchpad/launchpad_layout_test.dart: Launchpad actual routes reflow and capture dark
01:55 +655 ~4: /Users/MattLeikam/Documents/Codex/2026-09-25/files-mentioned-by-the-user-wingman/outputs/wingman-browser/test/launchpad/launchpad_layout_test.dart: Launchpad actual routes reflow and capture dark
01:55 +656 ~4: /Users/MattLeikam/Documents/Codex/2026-09-25/files-mentioned-by-the-user-wingman/outputs/wingman-browser/test/launchpad/launchpad_layout_test.dart: Launchpad actual routes reflow and capture dark
01:55 +657 ~4: /Users/MattLeikam/Documents/Codex/2026-09-25/files-mentioned-by-the-user-wingman/outputs/wingman-browser/test/launchpad/launchpad_layout_test.dart: Launchpad actual routes reflow and capture dark
01:55 +658 ~4: /Users/MattLeikam/Documents/Codex/2026-09-25/files-mentioned-by-the-user-wingman/outputs/wingman-browser/test/launchpad/launchpad_layout_test.dart: Launchpad actual routes reflow and capture dark
01:55 +659 ~4: /Users/MattLeikam/Documents/Codex/2026-09-25/files-mentioned-by-the-user-wingman/outputs/wingman-browser/test/launchpad/launchpad_layout_test.dart: Launchpad actual routes reflow and capture dark
01:55 +660 ~4: /Users/MattLeikam/Documents/Codex/2026-09-25/files-mentioned-by-the-user-wingman/outputs/wingman-browser/test/launchpad/launchpad_layout_test.dart: Launchpad actual routes reflow and capture dark
01:55 +661 ~4: /Users/MattLeikam/Documents/Codex/2026-09-25/files-mentioned-by-the-user-wingman/outputs/wingman-browser/test/launchpad/launchpad_layout_test.dart: Launchpad actual routes reflow and capture dark
01:55 +662 ~4: /Users/MattLeikam/Documents/Codex/2026-09-25/files-mentioned-by-the-user-wingman/outputs/wingman-browser/test/launchpad/launchpad_layout_test.dart: Launchpad actual routes reflow and capture dark
01:56 +663 ~4: /Users/MattLeikam/Documents/Codex/2026-09-25/files-mentioned-by-the-user-wingman/outputs/wingman-browser/test/launchpad/launchpad_layout_test.dart: Launchpad actual routes reflow and capture dark
01:56 +664 ~4: /Users/MattLeikam/Documents/Codex/2026-09-25/files-mentioned-by-the-user-wingman/outputs/wingman-browser/test/launchpad/launchpad_layout_test.dart: Launchpad actual routes reflow and capture dark
01:56 +665 ~4: /Users/MattLeikam/Documents/Codex/2026-09-25/files-mentioned-by-the-user-wingman/outputs/wingman-browser/test/launchpad/launchpad_layout_test.dart: Launchpad actual routes reflow and capture dark
01:56 +666 ~4: /Users/MattLeikam/Documents/Codex/2026-09-25/files-mentioned-by-the-user-wingman/outputs/wingman-browser/test/launchpad/launchpad_layout_test.dart: Launchpad actual routes reflow and capture dark
01:56 +667 ~4: /Users/MattLeikam/Documents/Codex/2026-09-25/files-mentioned-by-the-user-wingman/outputs/wingman-browser/test/launchpad/launchpad_layout_test.dart: Launchpad actual routes reflow and capture dark
01:56 +668 ~4: /Users/MattLeikam/Documents/Codex/2026-09-25/files-mentioned-by-the-user-wingman/outputs/wingman-browser/test/launchpad/launchpad_layout_test.dart: Launchpad actual routes reflow and capture dark
01:56 +669 ~4: /Users/MattLeikam/Documents/Codex/2026-09-25/files-mentioned-by-the-user-wingman/outputs/wingman-browser/test/launchpad/launchpad_layout_test.dart: Launchpad actual routes reflow and capture dark
01:56 +670 ~4: /Users/MattLeikam/Documents/Codex/2026-09-25/files-mentioned-by-the-user-wingman/outputs/wingman-browser/test/launchpad/launchpad_layout_test.dart: Launchpad actual routes reflow and capture dark
01:56 +671 ~4: /Users/MattLeikam/Documents/Codex/2026-09-25/files-mentioned-by-the-user-wingman/outputs/wingman-browser/test/launchpad/launchpad_layout_test.dart: Launchpad actual routes reflow and capture dark
01:56 +672 ~4: /Users/MattLeikam/Documents/Codex/2026-09-25/files-mentioned-by-the-user-wingman/outputs/wingman-browser/test/launchpad/launchpad_layout_test.dart: Launchpad actual routes reflow and capture dark
01:56 +673 ~4: /Users/MattLeikam/Documents/Codex/2026-09-25/files-mentioned-by-the-user-wingman/outputs/wingman-browser/test/launchpad/launchpad_layout_test.dart: Launchpad actual routes reflow and capture dark
01:56 +674 ~4: /Users/MattLeikam/Documents/Codex/2026-09-25/files-mentioned-by-the-user-wingman/outputs/wingman-browser/test/launchpad/launchpad_layout_test.dart: Launchpad actual routes reflow and capture dark
01:56 +675 ~4: /Users/MattLeikam/Documents/Codex/2026-09-25/files-mentioned-by-the-user-wingman/outputs/wingman-browser/test/launchpad/launchpad_layout_test.dart: Launchpad actual routes reflow and capture dark
01:56 +676 ~4: /Users/MattLeikam/Documents/Codex/2026-09-25/files-mentioned-by-the-user-wingman/outputs/wingman-browser/test/launchpad/launchpad_layout_test.dart: Launchpad actual routes reflow and capture dark
01:56 +677 ~4: /Users/MattLeikam/Documents/Codex/2026-09-25/files-mentioned-by-the-user-wingman/outputs/wingman-browser/test/launchpad/launchpad_layout_test.dart: Launchpad actual routes reflow and capture dark
01:56 +678 ~4: /Users/MattLeikam/Documents/Codex/2026-09-25/files-mentioned-by-the-user-wingman/outputs/wingman-browser/test/launchpad/launchpad_layout_test.dart: Launchpad actual routes reflow and capture dark
01:56 +679 ~4: /Users/MattLeikam/Documents/Codex/2026-09-25/files-mentioned-by-the-user-wingman/outputs/wingman-browser/test/launchpad/launchpad_layout_test.dart: Launchpad actual routes reflow and capture dark
01:56 +680 ~4: /Users/MattLeikam/Documents/Codex/2026-09-25/files-mentioned-by-the-user-wingman/outputs/wingman-browser/test/launchpad/launchpad_layout_test.dart: Launchpad actual routes reflow and capture dark
01:56 +681 ~4: /Users/MattLeikam/Documents/Codex/2026-09-25/files-mentioned-by-the-user-wingman/outputs/wingman-browser/test/launchpad/launchpad_layout_test.dart: Launchpad actual routes reflow and capture dark
01:56 +682 ~4: /Users/MattLeikam/Documents/Codex/2026-09-25/files-mentioned-by-the-user-wingman/outputs/wingman-browser/test/launchpad/launchpad_layout_test.dart: Launchpad actual routes reflow and capture dark
01:56 +683 ~4: /Users/MattLeikam/Documents/Codex/2026-09-25/files-mentioned-by-the-user-wingman/outputs/wingman-browser/test/launchpad/launchpad_layout_test.dart: Launchpad actual routes reflow and capture dark
01:56 +684 ~4: /Users/MattLeikam/Documents/Codex/2026-09-25/files-mentioned-by-the-user-wingman/outputs/wingman-browser/test/launchpad/launchpad_layout_test.dart: Launchpad actual routes reflow and capture dark
01:56 +685 ~4: /Users/MattLeikam/Documents/Codex/2026-09-25/files-mentioned-by-the-user-wingman/outputs/wingman-browser/test/launchpad/launchpad_layout_test.dart: Launchpad actual routes reflow and capture dark
01:56 +686 ~4: /Users/MattLeikam/Documents/Codex/2026-09-25/files-mentioned-by-the-user-wingman/outputs/wingman-browser/test/launchpad/launchpad_layout_test.dart: Launchpad actual routes reflow and capture dark
01:56 +687 ~4: /Users/MattLeikam/Documents/Codex/2026-09-25/files-mentioned-by-the-user-wingman/outputs/wingman-browser/test/launchpad/launchpad_layout_test.dart: Launchpad actual routes reflow and capture dark
01:56 +688 ~4: /Users/MattLeikam/Documents/Codex/2026-09-25/files-mentioned-by-the-user-wingman/outputs/wingman-browser/test/launchpad/launchpad_layout_test.dart: Launchpad actual routes reflow and capture dark
01:56 +689 ~4: /Users/MattLeikam/Documents/Codex/2026-09-25/files-mentioned-by-the-user-wingman/outputs/wingman-browser/test/launchpad/launchpad_layout_test.dart: Launchpad actual routes reflow and capture dark
01:56 +690 ~4: /Users/MattLeikam/Documents/Codex/2026-09-25/files-mentioned-by-the-user-wingman/outputs/wingman-browser/test/launchpad/launchpad_layout_test.dart: Launchpad actual routes reflow and capture dark
01:57 +691 ~4: /Users/MattLeikam/Documents/Codex/2026-09-25/files-mentioned-by-the-user-wingman/outputs/wingman-browser/test/launchpad/launchpad_layout_test.dart: Launchpad actual routes reflow and capture dark
01:57 +692 ~4: /Users/MattLeikam/Documents/Codex/2026-09-25/files-mentioned-by-the-user-wingman/outputs/wingman-browser/test/launchpad/launchpad_layout_test.dart: Launchpad actual routes reflow and capture dark
01:57 +693 ~4: /Users/MattLeikam/Documents/Codex/2026-09-25/files-mentioned-by-the-user-wingman/outputs/wingman-browser/test/launchpad/launchpad_layout_test.dart: Launchpad actual routes reflow and capture dark
01:57 +694 ~4: /Users/MattLeikam/Documents/Codex/2026-09-25/files-mentioned-by-the-user-wingman/outputs/wingman-browser/test/launchpad/launchpad_layout_test.dart: Launchpad actual routes reflow and capture dark
01:58 +694 ~5: /Users/MattLeikam/Documents/Codex/2026-09-25/files-mentioned-by-the-user-wingman/outputs/wingman-browser/test/launchpad/launchpad_layout_test.dart: Launchpad actual routes reflow and capture dark
01:58 +695 ~5: /Users/MattLeikam/Documents/Codex/2026-09-25/files-mentioned-by-the-user-wingman/outputs/wingman-browser/test/launchpad/launchpad_layout_test.dart: Launchpad actual routes reflow and capture dark
01:58 +696 ~5: /Users/MattLeikam/Documents/Codex/2026-09-25/files-mentioned-by-the-user-wingman/outputs/wingman-browser/test/launchpad/launchpad_layout_test.dart: Launchpad actual routes reflow and capture dark
01:58 +697 ~5: /Users/MattLeikam/Documents/Codex/2026-09-25/files-mentioned-by-the-user-wingman/outputs/wingman-browser/test/launchpad/launchpad_layout_test.dart: Launchpad actual routes reflow and capture dark
01:58 +698 ~5: /Users/MattLeikam/Documents/Codex/2026-09-25/files-mentioned-by-the-user-wingman/outputs/wingman-browser/test/launchpad/launchpad_layout_test.dart: Launchpad actual routes reflow and capture dark
01:58 +699 ~5: /Users/MattLeikam/Documents/Codex/2026-09-25/files-mentioned-by-the-user-wingman/outputs/wingman-browser/test/launchpad/launchpad_layout_test.dart: Launchpad actual routes reflow and capture dark
01:58 +700 ~5: /Users/MattLeikam/Documents/Codex/2026-09-25/files-mentioned-by-the-user-wingman/outputs/wingman-browser/test/launchpad/launchpad_layout_test.dart: Launchpad actual routes reflow and capture dark
01:58 +701 ~5: /Users/MattLeikam/Documents/Codex/2026-09-25/files-mentioned-by-the-user-wingman/outputs/wingman-browser/test/launchpad/launchpad_layout_test.dart: Launchpad actual routes reflow and capture dark
01:58 +702 ~5: /Users/MattLeikam/Documents/Codex/2026-09-25/files-mentioned-by-the-user-wingman/outputs/wingman-browser/test/launchpad/launchpad_layout_test.dart: Launchpad actual routes reflow and capture dark
01:58 +703 ~5: /Users/MattLeikam/Documents/Codex/2026-09-25/files-mentioned-by-the-user-wingman/outputs/wingman-browser/test/launchpad/launchpad_layout_test.dart: Launchpad actual routes reflow and capture dark
01:58 +704 ~5: /Users/MattLeikam/Documents/Codex/2026-09-25/files-mentioned-by-the-user-wingman/outputs/wingman-browser/test/launchpad/launchpad_layout_test.dart: Launchpad actual routes reflow and capture dark
01:58 +705 ~5: /Users/MattLeikam/Documents/Codex/2026-09-25/files-mentioned-by-the-user-wingman/outputs/wingman-browser/test/launchpad/launchpad_layout_test.dart: Launchpad actual routes reflow and capture dark
01:58 +706 ~5: /Users/MattLeikam/Documents/Codex/2026-09-25/files-mentioned-by-the-user-wingman/outputs/wingman-browser/test/launchpad/launchpad_layout_test.dart: Launchpad actual routes reflow and capture dark
01:58 +707 ~5: /Users/MattLeikam/Documents/Codex/2026-09-25/files-mentioned-by-the-user-wingman/outputs/wingman-browser/test/launchpad/launchpad_layout_test.dart: Launchpad actual routes reflow and capture dark
01:58 +708 ~5: /Users/MattLeikam/Documents/Codex/2026-09-25/files-mentioned-by-the-user-wingman/outputs/wingman-browser/test/launchpad/launchpad_layout_test.dart: Launchpad actual routes reflow and capture dark
01:58 +709 ~5: /Users/MattLeikam/Documents/Codex/2026-09-25/files-mentioned-by-the-user-wingman/outputs/wingman-browser/test/launchpad/launchpad_layout_test.dart: Launchpad actual routes reflow and capture dark
01:58 +710 ~5: /Users/MattLeikam/Documents/Codex/2026-09-25/files-mentioned-by-the-user-wingman/outputs/wingman-browser/test/launchpad/launchpad_layout_test.dart: Launchpad actual routes reflow and capture dark
01:58 +711 ~5: /Users/MattLeikam/Documents/Codex/2026-09-25/files-mentioned-by-the-user-wingman/outputs/wingman-browser/test/launchpad/launchpad_layout_test.dart: Launchpad actual routes reflow and capture dark
01:58 +712 ~5: /Users/MattLeikam/Documents/Codex/2026-09-25/files-mentioned-by-the-user-wingman/outputs/wingman-browser/test/launchpad/launchpad_layout_test.dart: Launchpad actual routes reflow and capture dark
01:58 +713 ~5: /Users/MattLeikam/Documents/Codex/2026-09-25/files-mentioned-by-the-user-wingman/outputs/wingman-browser/test/launchpad/launchpad_layout_test.dart: Launchpad actual routes reflow and capture dark
01:58 +714 ~5: /Users/MattLeikam/Documents/Codex/2026-09-25/files-mentioned-by-the-user-wingman/outputs/wingman-browser/test/launchpad/launchpad_layout_test.dart: Launchpad actual routes reflow and capture dark
01:58 +715 ~5: /Users/MattLeikam/Documents/Codex/2026-09-25/files-mentioned-by-the-user-wingman/outputs/wingman-browser/test/launchpad/launchpad_layout_test.dart: Launchpad actual routes reflow and capture dark
01:58 +716 ~5: /Users/MattLeikam/Documents/Codex/2026-09-25/files-mentioned-by-the-user-wingman/outputs/wingman-browser/test/launchpad/launchpad_layout_test.dart: Launchpad actual routes reflow and capture dark
01:58 +717 ~5: /Users/MattLeikam/Documents/Codex/2026-09-25/files-mentioned-by-the-user-wingman/outputs/wingman-browser/test/launchpad/launchpad_layout_test.dart: Launchpad actual routes reflow and capture dark
01:58 +718 ~5: /Users/MattLeikam/Documents/Codex/2026-09-25/files-mentioned-by-the-user-wingman/outputs/wingman-browser/test/launchpad/launchpad_layout_test.dart: Launchpad actual routes reflow and capture dark
01:58 +719 ~5: /Users/MattLeikam/Documents/Codex/2026-09-25/files-mentioned-by-the-user-wingman/outputs/wingman-browser/test/launchpad/launchpad_layout_test.dart: Launchpad actual routes reflow and capture dark
01:58 +720 ~5: /Users/MattLeikam/Documents/Codex/2026-09-25/files-mentioned-by-the-user-wingman/outputs/wingman-browser/test/launchpad/launchpad_layout_test.dart: Launchpad actual routes reflow and capture dark
01:58 +721 ~5: /Users/MattLeikam/Documents/Codex/2026-09-25/files-mentioned-by-the-user-wingman/outputs/wingman-browser/test/launchpad/launchpad_layout_test.dart: Launchpad actual routes reflow and capture dark
01:58 +722 ~5: /Users/MattLeikam/Documents/Codex/2026-09-25/files-mentioned-by-the-user-wingman/outputs/wingman-browser/test/launchpad/launchpad_layout_test.dart: Launchpad actual routes reflow and capture dark
01:58 +723 ~5: /Users/MattLeikam/Documents/Codex/2026-09-25/files-mentioned-by-the-user-wingman/outputs/wingman-browser/test/launchpad/launchpad_layout_test.dart: Launchpad actual routes reflow and capture dark
01:58 +724 ~5: /Users/MattLeikam/Documents/Codex/2026-09-25/files-mentioned-by-the-user-wingman/outputs/wingman-browser/test/launchpad/launchpad_layout_test.dart: Launchpad actual routes reflow and capture dark
01:58 +725 ~5: /Users/MattLeikam/Documents/Codex/2026-09-25/files-mentioned-by-the-user-wingman/outputs/wingman-browser/test/launchpad/launchpad_layout_test.dart: Launchpad actual routes reflow and capture dark
01:58 +726 ~5: /Users/MattLeikam/Documents/Codex/2026-09-25/files-mentioned-by-the-user-wingman/outputs/wingman-browser/test/launchpad/launchpad_layout_test.dart: Launchpad actual routes reflow and capture dark
01:58 +727 ~5: /Users/MattLeikam/Documents/Codex/2026-09-25/files-mentioned-by-the-user-wingman/outputs/wingman-browser/test/launchpad/launchpad_layout_test.dart: Launchpad actual routes reflow and capture dark
01:59 +728 ~5: /Users/MattLeikam/Documents/Codex/2026-09-25/files-mentioned-by-the-user-wingman/outputs/wingman-browser/test/launchpad/launchpad_layout_test.dart: Launchpad actual routes reflow and capture dark
01:59 +728 ~5: /Users/MattLeikam/Documents/Codex/2026-09-25/files-mentioned-by-the-user-wingman/outputs/wingman-browser/test/guard/sqlite_filter_pack_repository_test.dart: corrupt SQLite file is preserved and app runtime still opens
error SqfliteFfiException(sqlite_error: 26, , SqliteException(26): while selecting from statement, file is not a database, file is not a database (code 26)
  Causing statement: PRAGMA user_version}) DatabaseException(SqliteException(26): while selecting from statement, file is not a database, file is not a database (code 26)
  Causing statement: PRAGMA user_version) sql 'PRAGMA user_version' {details: {database: {path: /var/folders/db/mq84w7g1769d28vpcbdvvkf40000gp/T/wingman-guard-test-8vxuy7/guard.db, id: 17, readOnly: false, singleInstance: true}}} during open, closing...
01:59 +729 ~5: /Users/MattLeikam/Documents/Codex/2026-09-25/files-mentioned-by-the-user-wingman/outputs/wingman-browser/test/launchpad/launchpad_layout_test.dart: Launchpad actual routes reflow and capture dark
01:59 +730 ~5: /Users/MattLeikam/Documents/Codex/2026-09-25/files-mentioned-by-the-user-wingman/outputs/wingman-browser/test/launchpad/launchpad_layout_test.dart: Launchpad actual routes reflow and capture dark
01:59 +731 ~5: /Users/MattLeikam/Documents/Codex/2026-09-25/files-mentioned-by-the-user-wingman/outputs/wingman-browser/test/launchpad/launchpad_layout_test.dart: Launchpad actual routes reflow and capture dark
01:59 +732 ~5: /Users/MattLeikam/Documents/Codex/2026-09-25/files-mentioned-by-the-user-wingman/outputs/wingman-browser/test/launchpad/launchpad_layout_test.dart: Launchpad actual routes reflow and capture dark
01:59 +733 ~5: /Users/MattLeikam/Documents/Codex/2026-09-25/files-mentioned-by-the-user-wingman/outputs/wingman-browser/test/launchpad/launchpad_layout_test.dart: Launchpad actual routes reflow and capture dark
01:59 +734 ~5: /Users/MattLeikam/Documents/Codex/2026-09-25/files-mentioned-by-the-user-wingman/outputs/wingman-browser/test/launchpad/launchpad_layout_test.dart: Launchpad actual routes reflow and capture dark
01:59 +735 ~5: /Users/MattLeikam/Documents/Codex/2026-09-25/files-mentioned-by-the-user-wingman/outputs/wingman-browser/test/launchpad/launchpad_layout_test.dart: Launchpad actual routes reflow and capture dark
01:59 +736 ~5: /Users/MattLeikam/Documents/Codex/2026-09-25/files-mentioned-by-the-user-wingman/outputs/wingman-browser/test/launchpad/launchpad_layout_test.dart: Launchpad actual routes reflow and capture dark
01:59 +737 ~5: /Users/MattLeikam/Documents/Codex/2026-09-25/files-mentioned-by-the-user-wingman/outputs/wingman-browser/test/launchpad/launchpad_layout_test.dart: Launchpad actual routes reflow and capture dark
01:59 +738 ~5: /Users/MattLeikam/Documents/Codex/2026-09-25/files-mentioned-by-the-user-wingman/outputs/wingman-browser/test/launchpad/launchpad_layout_test.dart: Launchpad actual routes reflow and capture dark
02:00 +738 ~5: /Users/MattLeikam/Documents/Codex/2026-09-25/files-mentioned-by-the-user-wingman/outputs/wingman-browser/test/performance/signature_benchmark_test.dart: bounded signature workloads report measured host timings
SIGNATURE_PERF {"host":"macos","runtime":"3.12.2 (stable) (Tue Jun 9 01:11:39 2026 -0700) on \"macos_arm64\"","mode":"flutter-test-host","results":[{"operation":"official-local-search-18","samples":100,"medianUs":45,"p95Us":793},{"operation":"restore-3-spaces-12-tasks-memory-document","samples":30,"medianUs":1760,"p95Us":3700},{"operation":"local-terms-analysis-practice","samples":30,"medianUs":1776,"p95Us":7096},{"operation":"switch-12-in-memory-tabs-1000-times","samples":30,"medianUs":863,"p95Us":3671}]}
02:00 +739 ~5: /Users/MattLeikam/Documents/Codex/2026-09-25/files-mentioned-by-the-user-wingman/outputs/wingman-browser/test/launchpad/launchpad_layout_test.dart: Launchpad actual routes reflow and capture dark
02:00 +739 ~6: /Users/MattLeikam/Documents/Codex/2026-09-25/files-mentioned-by-the-user-wingman/outputs/wingman-browser/test/launchpad/launchpad_layout_test.dart: Launchpad actual routes reflow and capture dark
02:00 +739 ~6: /Users/MattLeikam/Documents/Codex/2026-09-25/files-mentioned-by-the-user-wingman/outputs/wingman-browser/test/performance/library_capacity_test.dart: legacy maximum-size codec stays bounded and stored URL metadata remains quarantined
LIBRARY_CAPACITY {"bookmarks":5000,"history":5000,"fileBytes":842961,"parseMicros":556303,"sqliteSaveMicros":162637,"disabledLegacySuggestionP50Micros":0,"disabledLegacySuggestionP95Micros":0,"processRssBeforeBytes":141524992,"processRssAfterBytes":174276608,"environment":"Retired codec/quarantine host sample only; no active importer or remote suggestions, no physical-device claim"}
02:00 +740 ~6: /Users/MattLeikam/Documents/Codex/2026-09-25/files-mentioned-by-the-user-wingman/outputs/wingman-browser/test/launchpad/launchpad_layout_test.dart: Launchpad actual routes reflow and capture dark
02:01 +740 ~6: /Users/MattLeikam/Documents/Codex/2026-09-25/files-mentioned-by-the-user-wingman/outputs/wingman-browser/test/performance/metadata_restore_test.dart: host metadata reopen quarantines legacy records before restore and excludes private records
METADATA_RESTORE {"homeTabs":10,"quarantinedBookmarks":5000,"quarantinedHistory":5000,"archivedTabs":10,"schemaVersionAfter":4,"firstOpenMicros":43206,"repeatCount":20,"repeatP50Micros":7335,"repeatP95Micros":9316,"privateRowsAfterClose":0,"processRssBeforeBytes":166297600,"processRssAfterBytes":164970496,"scope":"Host metadata only; fixture creation warmed SQLite; no app/WebView startup"}
02:01 +741 ~6: /Users/MattLeikam/Documents/Codex/2026-09-25/files-mentioned-by-the-user-wingman/outputs/wingman-browser/test/launchpad/launchpad_layout_test.dart: Launchpad actual routes reflow and capture dark
02:01 +742 ~6: /Users/MattLeikam/Documents/Codex/2026-09-25/files-mentioned-by-the-user-wingman/outputs/wingman-browser/test/launchpad/launchpad_layout_test.dart: Launchpad actual routes reflow and capture dark
02:01 +742 ~6: /Users/MattLeikam/Documents/Codex/2026-09-25/files-mentioned-by-the-user-wingman/outputs/wingman-browser/test/data/library_repository_test.dart: failed migration rolls back version and preserves old records
error SqfliteFfiException(sqlite_error: 1, , SqliteException(1): while executing, table reading_list already exists, SQL logic error (code 1)
  Causing statement (at position 13): CREATE TABLE reading_list (
      id TEXT PRIMARY KEY, url TEXT NOT NULL UNIQUE, title TEXT NOT NULL,
      created_at INTEGER NOT NULL, read_at INTEGER
    ), parameters: }) DatabaseException(SqliteException(1): while executing, table reading_list already exists, SQL logic error (code 1)
  Causing statement (at position 13): CREATE TABLE reading_list (
      id TEXT PRIMARY KEY, url TEXT NOT NULL UNIQUE, title TEXT NOT NULL,
      created_at INTEGER NOT NULL, read_at INTEGER
    ), parameters: ) sql 'CREATE TABLE reading_list (
      id TEXT PRIMARY KEY, url TEXT NOT NULL UNIQUE, title TEXT NOT NULL,
      created_at INTEGER NOT NULL, read_at INTEGER
    )' {details: {database: {path: /var/folders/db/mq84w7g1769d28vpcbdvvkf40000gp/T/wingman_library_test_jX9JgE/wingman.db, id: 6, readOnly: false, singleInstance: true}}} during open, closing...
02:01 +743 ~6: /Users/MattLeikam/Documents/Codex/2026-09-25/files-mentioned-by-the-user-wingman/outputs/wingman-browser/test/launchpad/launchpad_layout_test.dart: Launchpad actual routes reflow and capture dark
02:01 +744 ~6: /Users/MattLeikam/Documents/Codex/2026-09-25/files-mentioned-by-the-user-wingman/outputs/wingman-browser/test/launchpad/launchpad_layout_test.dart: Launchpad actual routes reflow and capture dark
02:01 +745 ~6: /Users/MattLeikam/Documents/Codex/2026-09-25/files-mentioned-by-the-user-wingman/outputs/wingman-browser/test/launchpad/launchpad_layout_test.dart: Launchpad actual routes reflow and capture dark
02:01 +746 ~6: /Users/MattLeikam/Documents/Codex/2026-09-25/files-mentioned-by-the-user-wingman/outputs/wingman-browser/test/launchpad/launchpad_layout_test.dart: Launchpad actual routes reflow and capture dark
02:02 +747 ~6: /Users/MattLeikam/Documents/Codex/2026-09-25/files-mentioned-by-the-user-wingman/outputs/wingman-browser/test/launchpad/launchpad_layout_test.dart: Launchpad actual routes reflow and capture dark
02:02 +748 ~6: /Users/MattLeikam/Documents/Codex/2026-09-25/files-mentioned-by-the-user-wingman/outputs/wingman-browser/test/launchpad/launchpad_layout_test.dart: Launchpad actual routes reflow and capture dark
02:02 +749 ~6: /Users/MattLeikam/Documents/Codex/2026-09-25/files-mentioned-by-the-user-wingman/outputs/wingman-browser/test/launchpad/launchpad_layout_test.dart: Launchpad actual routes reflow and capture dark
02:02 +750 ~6: /Users/MattLeikam/Documents/Codex/2026-09-25/files-mentioned-by-the-user-wingman/outputs/wingman-browser/test/launchpad/launchpad_layout_test.dart: Launchpad actual routes reflow and capture dark
02:02 +751 ~6: /Users/MattLeikam/Documents/Codex/2026-09-25/files-mentioned-by-the-user-wingman/outputs/wingman-browser/test/launchpad/launchpad_layout_test.dart: Launchpad actual routes reflow and capture dark
02:02 +752 ~6: /Users/MattLeikam/Documents/Codex/2026-09-25/files-mentioned-by-the-user-wingman/outputs/wingman-browser/test/launchpad/launchpad_layout_test.dart: Launchpad actual routes reflow and capture dark
02:02 +753 ~6: /Users/MattLeikam/Documents/Codex/2026-09-25/files-mentioned-by-the-user-wingman/outputs/wingman-browser/test/launchpad/launchpad_layout_test.dart: Launchpad actual routes reflow and capture dark
02:02 +754 ~6: /Users/MattLeikam/Documents/Codex/2026-09-25/files-mentioned-by-the-user-wingman/outputs/wingman-browser/test/launchpad/launchpad_layout_test.dart: Launchpad actual routes reflow and capture dark
02:02 +755 ~6: /Users/MattLeikam/Documents/Codex/2026-09-25/files-mentioned-by-the-user-wingman/outputs/wingman-browser/test/launchpad/launchpad_layout_test.dart: Launchpad actual routes reflow and capture dark
02:02 +756 ~6: /Users/MattLeikam/Documents/Codex/2026-09-25/files-mentioned-by-the-user-wingman/outputs/wingman-browser/test/launchpad/launchpad_layout_test.dart: Launchpad actual routes reflow and capture dark
02:02 +757 ~6: /Users/MattLeikam/Documents/Codex/2026-09-25/files-mentioned-by-the-user-wingman/outputs/wingman-browser/test/launchpad/launchpad_layout_test.dart: Launchpad actual routes reflow and capture dark
02:02 +758 ~6: /Users/MattLeikam/Documents/Codex/2026-09-25/files-mentioned-by-the-user-wingman/outputs/wingman-browser/test/launchpad/launchpad_layout_test.dart: Launchpad actual routes reflow and capture dark
02:03 +759 ~6: /Users/MattLeikam/Documents/Codex/2026-09-25/files-mentioned-by-the-user-wingman/outputs/wingman-browser/test/launchpad/launchpad_layout_test.dart: Launchpad actual routes reflow and capture dark
02:03 +760 ~6: /Users/MattLeikam/Documents/Codex/2026-09-25/files-mentioned-by-the-user-wingman/outputs/wingman-browser/test/launchpad/launchpad_layout_test.dart: Launchpad actual routes reflow and capture dark
02:03 +761 ~6: /Users/MattLeikam/Documents/Codex/2026-09-25/files-mentioned-by-the-user-wingman/outputs/wingman-browser/test/launchpad/launchpad_layout_test.dart: Launchpad actual routes reflow and capture dark
02:03 +762 ~6: /Users/MattLeikam/Documents/Codex/2026-09-25/files-mentioned-by-the-user-wingman/outputs/wingman-browser/test/launchpad/launchpad_layout_test.dart: Launchpad actual routes reflow and capture dark
02:03 +763 ~6: /Users/MattLeikam/Documents/Codex/2026-09-25/files-mentioned-by-the-user-wingman/outputs/wingman-browser/test/launchpad/launchpad_layout_test.dart: Launchpad actual routes reflow and capture dark
02:03 +764 ~6: /Users/MattLeikam/Documents/Codex/2026-09-25/files-mentioned-by-the-user-wingman/outputs/wingman-browser/test/launchpad/launchpad_layout_test.dart: Launchpad actual routes reflow and capture dark
02:03 +765 ~6: /Users/MattLeikam/Documents/Codex/2026-09-25/files-mentioned-by-the-user-wingman/outputs/wingman-browser/test/launchpad/launchpad_layout_test.dart: Launchpad actual routes reflow and capture dark
02:03 +766 ~6: /Users/MattLeikam/Documents/Codex/2026-09-25/files-mentioned-by-the-user-wingman/outputs/wingman-browser/test/launchpad/launchpad_layout_test.dart: Launchpad actual routes reflow and capture dark
02:03 +767 ~6: /Users/MattLeikam/Documents/Codex/2026-09-25/files-mentioned-by-the-user-wingman/outputs/wingman-browser/test/launchpad/launchpad_layout_test.dart: Launchpad actual routes reflow and capture dark
02:03 +768 ~6: /Users/MattLeikam/Documents/Codex/2026-09-25/files-mentioned-by-the-user-wingman/outputs/wingman-browser/test/launchpad/launchpad_layout_test.dart: Launchpad actual routes reflow and capture dark
02:03 +769 ~6: /Users/MattLeikam/Documents/Codex/2026-09-25/files-mentioned-by-the-user-wingman/outputs/wingman-browser/test/launchpad/launchpad_layout_test.dart: Launchpad actual routes reflow and capture dark
02:03 +770 ~6: /Users/MattLeikam/Documents/Codex/2026-09-25/files-mentioned-by-the-user-wingman/outputs/wingman-browser/test/launchpad/launchpad_layout_test.dart: Launchpad actual routes reflow and capture dark
02:03 +771 ~6: /Users/MattLeikam/Documents/Codex/2026-09-25/files-mentioned-by-the-user-wingman/outputs/wingman-browser/test/launchpad/launchpad_layout_test.dart: Launchpad actual routes reflow and capture dark
02:04 +772 ~6: /Users/MattLeikam/Documents/Codex/2026-09-25/files-mentioned-by-the-user-wingman/outputs/wingman-browser/test/launchpad/launchpad_layout_test.dart: Launchpad actual routes reflow and capture dark
02:04 +773 ~6: /Users/MattLeikam/Documents/Codex/2026-09-25/files-mentioned-by-the-user-wingman/outputs/wingman-browser/test/launchpad/launchpad_layout_test.dart: Launchpad actual routes reflow and capture dark
02:04 +774 ~6: /Users/MattLeikam/Documents/Codex/2026-09-25/files-mentioned-by-the-user-wingman/outputs/wingman-browser/test/launchpad/launchpad_layout_test.dart: Launchpad actual routes reflow and capture dark
02:04 +775 ~6: /Users/MattLeikam/Documents/Codex/2026-09-25/files-mentioned-by-the-user-wingman/outputs/wingman-browser/test/launchpad/launchpad_layout_test.dart: Launchpad actual routes reflow and capture dark
02:04 +776 ~6: /Users/MattLeikam/Documents/Codex/2026-09-25/files-mentioned-by-the-user-wingman/outputs/wingman-browser/test/launchpad/launchpad_layout_test.dart: Launchpad actual routes reflow and capture dark
02:04 +777 ~6: /Users/MattLeikam/Documents/Codex/2026-09-25/files-mentioned-by-the-user-wingman/outputs/wingman-browser/test/launchpad/launchpad_layout_test.dart: Launchpad actual routes reflow and capture dark
02:04 +778 ~6: /Users/MattLeikam/Documents/Codex/2026-09-25/files-mentioned-by-the-user-wingman/outputs/wingman-browser/test/launchpad/launchpad_layout_test.dart: Launchpad actual routes reflow and capture dark
02:04 +779 ~6: /Users/MattLeikam/Documents/Codex/2026-09-25/files-mentioned-by-the-user-wingman/outputs/wingman-browser/test/launchpad/launchpad_layout_test.dart: Launchpad actual routes reflow and capture dark
02:04 +780 ~6: /Users/MattLeikam/Documents/Codex/2026-09-25/files-mentioned-by-the-user-wingman/outputs/wingman-browser/test/launchpad/launchpad_layout_test.dart: Launchpad actual routes reflow and capture dark
02:04 +781 ~6: /Users/MattLeikam/Documents/Codex/2026-09-25/files-mentioned-by-the-user-wingman/outputs/wingman-browser/test/launchpad/launchpad_layout_test.dart: Launchpad actual routes reflow and capture dark
02:04 +782 ~6: /Users/MattLeikam/Documents/Codex/2026-09-25/files-mentioned-by-the-user-wingman/outputs/wingman-browser/test/launchpad/launchpad_layout_test.dart: Launchpad actual routes reflow and capture dark
02:04 +783 ~6: /Users/MattLeikam/Documents/Codex/2026-09-25/files-mentioned-by-the-user-wingman/outputs/wingman-browser/test/launchpad/launchpad_layout_test.dart: Launchpad actual routes reflow and capture dark
02:04 +784 ~6: /Users/MattLeikam/Documents/Codex/2026-09-25/files-mentioned-by-the-user-wingman/outputs/wingman-browser/test/launchpad/launchpad_layout_test.dart: Launchpad actual routes reflow and capture dark
02:04 +785 ~6: /Users/MattLeikam/Documents/Codex/2026-09-25/files-mentioned-by-the-user-wingman/outputs/wingman-browser/test/launchpad/launchpad_layout_test.dart: Launchpad actual routes reflow and capture dark
02:04 +786 ~6: /Users/MattLeikam/Documents/Codex/2026-09-25/files-mentioned-by-the-user-wingman/outputs/wingman-browser/test/launchpad/launchpad_layout_test.dart: Launchpad actual routes reflow and capture dark
02:04 +787 ~6: /Users/MattLeikam/Documents/Codex/2026-09-25/files-mentioned-by-the-user-wingman/outputs/wingman-browser/test/launchpad/launchpad_layout_test.dart: Launchpad actual routes reflow and capture dark
02:04 +788 ~6: /Users/MattLeikam/Documents/Codex/2026-09-25/files-mentioned-by-the-user-wingman/outputs/wingman-browser/test/launchpad/launchpad_layout_test.dart: Launchpad actual routes reflow and capture dark
02:04 +789 ~6: /Users/MattLeikam/Documents/Codex/2026-09-25/files-mentioned-by-the-user-wingman/outputs/wingman-browser/test/launchpad/launchpad_layout_test.dart: Launchpad actual routes reflow and capture dark
02:04 +790 ~6: /Users/MattLeikam/Documents/Codex/2026-09-25/files-mentioned-by-the-user-wingman/outputs/wingman-browser/test/launchpad/launchpad_layout_test.dart: Launchpad actual routes reflow and capture dark
02:04 +791 ~6: /Users/MattLeikam/Documents/Codex/2026-09-25/files-mentioned-by-the-user-wingman/outputs/wingman-browser/test/launchpad/launchpad_layout_test.dart: Launchpad actual routes reflow and capture dark
02:04 +792 ~6: /Users/MattLeikam/Documents/Codex/2026-09-25/files-mentioned-by-the-user-wingman/outputs/wingman-browser/test/launchpad/launchpad_layout_test.dart: Launchpad actual routes reflow and capture dark
02:04 +793 ~6: /Users/MattLeikam/Documents/Codex/2026-09-25/files-mentioned-by-the-user-wingman/outputs/wingman-browser/test/launchpad/launchpad_layout_test.dart: Launchpad actual routes reflow and capture dark
02:04 +794 ~6: /Users/MattLeikam/Documents/Codex/2026-09-25/files-mentioned-by-the-user-wingman/outputs/wingman-browser/test/launchpad/launchpad_layout_test.dart: Launchpad actual routes reflow and capture dark
02:04 +795 ~6: /Users/MattLeikam/Documents/Codex/2026-09-25/files-mentioned-by-the-user-wingman/outputs/wingman-browser/test/launchpad/launchpad_layout_test.dart: Launchpad actual routes reflow and capture dark
02:04 +796 ~6: /Users/MattLeikam/Documents/Codex/2026-09-25/files-mentioned-by-the-user-wingman/outputs/wingman-browser/test/launchpad/launchpad_layout_test.dart: Launchpad actual routes reflow and capture dark
02:04 +797 ~6: /Users/MattLeikam/Documents/Codex/2026-09-25/files-mentioned-by-the-user-wingman/outputs/wingman-browser/test/launchpad/launchpad_layout_test.dart: Launchpad actual routes reflow and capture dark
02:04 +798 ~6: /Users/MattLeikam/Documents/Codex/2026-09-25/files-mentioned-by-the-user-wingman/outputs/wingman-browser/test/launchpad/launchpad_layout_test.dart: Launchpad actual routes reflow and capture dark
02:04 +799 ~6: /Users/MattLeikam/Documents/Codex/2026-09-25/files-mentioned-by-the-user-wingman/outputs/wingman-browser/test/launchpad/launchpad_layout_test.dart: Launchpad actual routes reflow and capture dark
02:04 +800 ~6: /Users/MattLeikam/Documents/Codex/2026-09-25/files-mentioned-by-the-user-wingman/outputs/wingman-browser/test/launchpad/launchpad_layout_test.dart: Launchpad actual routes reflow and capture dark
02:04 +801 ~6: /Users/MattLeikam/Documents/Codex/2026-09-25/files-mentioned-by-the-user-wingman/outputs/wingman-browser/test/launchpad/launchpad_layout_test.dart: Launchpad actual routes reflow and capture dark
02:04 +802 ~6: /Users/MattLeikam/Documents/Codex/2026-09-25/files-mentioned-by-the-user-wingman/outputs/wingman-browser/test/launchpad/launchpad_layout_test.dart: Launchpad actual routes reflow and capture dark
02:04 +803 ~6: /Users/MattLeikam/Documents/Codex/2026-09-25/files-mentioned-by-the-user-wingman/outputs/wingman-browser/test/launchpad/launchpad_layout_test.dart: Launchpad actual routes reflow and capture dark
02:04 +804 ~6: /Users/MattLeikam/Documents/Codex/2026-09-25/files-mentioned-by-the-user-wingman/outputs/wingman-browser/test/launchpad/launchpad_layout_test.dart: Launchpad actual routes reflow and capture dark
02:04 +805 ~6: /Users/MattLeikam/Documents/Codex/2026-09-25/files-mentioned-by-the-user-wingman/outputs/wingman-browser/test/launchpad/launchpad_layout_test.dart: Launchpad actual routes reflow and capture dark
02:04 +806 ~6: /Users/MattLeikam/Documents/Codex/2026-09-25/files-mentioned-by-the-user-wingman/outputs/wingman-browser/test/launchpad/launchpad_layout_test.dart: Launchpad actual routes reflow and capture dark
02:04 +807 ~6: /Users/MattLeikam/Documents/Codex/2026-09-25/files-mentioned-by-the-user-wingman/outputs/wingman-browser/test/launchpad/launchpad_layout_test.dart: Launchpad actual routes reflow and capture dark
02:04 +808 ~6: /Users/MattLeikam/Documents/Codex/2026-09-25/files-mentioned-by-the-user-wingman/outputs/wingman-browser/test/launchpad/launchpad_layout_test.dart: Launchpad actual routes reflow and capture dark
02:04 +809 ~6: /Users/MattLeikam/Documents/Codex/2026-09-25/files-mentioned-by-the-user-wingman/outputs/wingman-browser/test/launchpad/launchpad_layout_test.dart: Launchpad actual routes reflow and capture dark
02:04 +810 ~6: /Users/MattLeikam/Documents/Codex/2026-09-25/files-mentioned-by-the-user-wingman/outputs/wingman-browser/test/launchpad/launchpad_layout_test.dart: Launchpad actual routes reflow and capture dark
02:04 +811 ~6: /Users/MattLeikam/Documents/Codex/2026-09-25/files-mentioned-by-the-user-wingman/outputs/wingman-browser/test/launchpad/launchpad_layout_test.dart: Launchpad actual routes reflow and capture dark
02:04 +812 ~6: /Users/MattLeikam/Documents/Codex/2026-09-25/files-mentioned-by-the-user-wingman/outputs/wingman-browser/test/launchpad/launchpad_layout_test.dart: Launchpad actual routes reflow and capture dark
02:04 +813 ~6: /Users/MattLeikam/Documents/Codex/2026-09-25/files-mentioned-by-the-user-wingman/outputs/wingman-browser/test/launchpad/launchpad_layout_test.dart: Launchpad actual routes reflow and capture dark
02:04 +814 ~6: /Users/MattLeikam/Documents/Codex/2026-09-25/files-mentioned-by-the-user-wingman/outputs/wingman-browser/test/launchpad/launchpad_layout_test.dart: Launchpad actual routes reflow and capture dark
02:04 +815 ~6: /Users/MattLeikam/Documents/Codex/2026-09-25/files-mentioned-by-the-user-wingman/outputs/wingman-browser/test/launchpad/launchpad_layout_test.dart: Launchpad actual routes reflow and capture dark
02:04 +816 ~6: /Users/MattLeikam/Documents/Codex/2026-09-25/files-mentioned-by-the-user-wingman/outputs/wingman-browser/test/launchpad/launchpad_layout_test.dart: Launchpad actual routes reflow and capture dark
02:04 +817 ~6: /Users/MattLeikam/Documents/Codex/2026-09-25/files-mentioned-by-the-user-wingman/outputs/wingman-browser/test/launchpad/launchpad_layout_test.dart: Launchpad actual routes reflow and capture dark
02:04 +818 ~6: /Users/MattLeikam/Documents/Codex/2026-09-25/files-mentioned-by-the-user-wingman/outputs/wingman-browser/test/launchpad/launchpad_layout_test.dart: (tearDownAll)
02:05 +818 ~6: /Users/MattLeikam/Documents/Codex/2026-09-25/files-mentioned-by-the-user-wingman/outputs/wingman-browser/test/guard_pin/guard_pin_service_test.dart: only six to twelve ASCII digits can configure a PIN
02:05 +819 ~6: /Users/MattLeikam/Documents/Codex/2026-09-25/files-mentioned-by-the-user-wingman/outputs/wingman-browser/test/guard_pin/guard_pin_service_test.dart: salted verifier is protected and restart never restores an unlock
02:05 +820 ~6: /Users/MattLeikam/Documents/Codex/2026-09-25/files-mentioned-by-the-user-wingman/outputs/wingman-browser/test/guard_pin/guard_pin_service_test.dart: same PIN produces different salts and verifiers
02:05 +821 ~6: /Users/MattLeikam/Documents/Codex/2026-09-25/files-mentioned-by-the-user-wingman/outputs/wingman-browser/test/guard_pin/guard_pin_service_test.dart: unreadable or corrupt storage cannot silently remove PIN protection
02:05 +822 ~6: /Users/MattLeikam/Documents/Codex/2026-09-25/files-mentioned-by-the-user-wingman/outputs/wingman-browser/test/guard_pin/guard_pin_service_test.dart: non-persisting storage writes fail closed
02:05 +823 ~6: /Users/MattLeikam/Documents/Codex/2026-09-25/files-mentioned-by-the-user-wingman/outputs/wingman-browser/test/guard_pin/guard_pin_service_test.dart: attempt limit persists through restart and correct PIN cannot skip delay
02:05 +824 ~6: /Users/MattLeikam/Documents/Codex/2026-09-25/files-mentioned-by-the-user-wingman/outputs/wingman-browser/test/guard_pin/guard_pin_service_test.dart: background lock cancels an in-flight unlock grant
02:05 +825 ~6: /Users/MattLeikam/Documents/Codex/2026-09-25/files-mentioned-by-the-user-wingman/outputs/wingman-browser/test/guard_pin/guard_pin_service_test.dart: replacing and removing PIN require its current value even after unlock
02:05 +826 ~6: /Users/MattLeikam/Documents/Codex/2026-09-25/files-mentioned-by-the-user-wingman/outputs/wingman-browser/test/guard_pin/guard_pin_service_test.dart: unsupported platforms never read or write a local-storage fallback
02:05 +827 ~6: /Users/MattLeikam/Documents/Codex/2026-09-25/files-mentioned-by-the-user-wingman/outputs/wingman-browser/test/guard_pin/guard_pin_service_test.dart: production PBKDF2 matches independent Python hashlib answer
02:05 +828 ~6: /Users/MattLeikam/Documents/Codex/2026-09-25/files-mentioned-by-the-user-wingman/outputs/wingman-browser/test/guard_pin/guard_pin_service_test.dart: production PBKDF2 matches independent Python hashlib answer
02:05 +829 ~6: /Users/MattLeikam/Documents/Codex/2026-09-25/files-mentioned-by-the-user-wingman/outputs/wingman-browser/test/guard_pin/guard_pin_service_test.dart: production PBKDF2 matches independent Python hashlib answer
02:05 +830 ~6: /Users/MattLeikam/Documents/Codex/2026-09-25/files-mentioned-by-the-user-wingman/outputs/wingman-browser/test/guard_pin/guard_pin_service_test.dart: production PBKDF2 matches independent Python hashlib answer
02:05 +831 ~6: /Users/MattLeikam/Documents/Codex/2026-09-25/files-mentioned-by-the-user-wingman/outputs/wingman-browser/test/guard_pin/guard_pin_service_test.dart: production PBKDF2 matches independent Python hashlib answer
02:05 +832 ~6: /Users/MattLeikam/Documents/Codex/2026-09-25/files-mentioned-by-the-user-wingman/outputs/wingman-browser/test/guard_pin/guard_pin_service_test.dart: production PBKDF2 matches independent Python hashlib answer
02:05 +833 ~6: /Users/MattLeikam/Documents/Codex/2026-09-25/files-mentioned-by-the-user-wingman/outputs/wingman-browser/test/guard_pin/guard_pin_service_test.dart: production PBKDF2 matches independent Python hashlib answer
02:05 +834 ~6: /Users/MattLeikam/Documents/Codex/2026-09-25/files-mentioned-by-the-user-wingman/outputs/wingman-browser/test/guard_pin/guard_pin_service_test.dart: production PBKDF2 matches independent Python hashlib answer
02:05 +835 ~6: /Users/MattLeikam/Documents/Codex/2026-09-25/files-mentioned-by-the-user-wingman/outputs/wingman-browser/test/guard_pin/guard_pin_service_test.dart: production PBKDF2 matches independent Python hashlib answer
02:05 +836 ~6: /Users/MattLeikam/Documents/Codex/2026-09-25/files-mentioned-by-the-user-wingman/outputs/wingman-browser/test/guard_pin/guard_pin_service_test.dart: production PBKDF2 matches independent Python hashlib answer
02:05 +837 ~6: /Users/MattLeikam/Documents/Codex/2026-09-25/files-mentioned-by-the-user-wingman/outputs/wingman-browser/test/guard_pin/guard_pin_service_test.dart: production PBKDF2 matches independent Python hashlib answer
02:05 +838 ~6: /Users/MattLeikam/Documents/Codex/2026-09-25/files-mentioned-by-the-user-wingman/outputs/wingman-browser/test/guard_pin/guard_pin_service_test.dart: production PBKDF2 matches independent Python hashlib answer
02:05 +839 ~6: /Users/MattLeikam/Documents/Codex/2026-09-25/files-mentioned-by-the-user-wingman/outputs/wingman-browser/test/guard_pin/guard_pin_service_test.dart: production PBKDF2 matches independent Python hashlib answer
02:05 +840 ~6: /Users/MattLeikam/Documents/Codex/2026-09-25/files-mentioned-by-the-user-wingman/outputs/wingman-browser/test/guard_pin/guard_pin_service_test.dart: production PBKDF2 matches independent Python hashlib answer
02:05 +841 ~6: /Users/MattLeikam/Documents/Codex/2026-09-25/files-mentioned-by-the-user-wingman/outputs/wingman-browser/test/guard_pin/guard_pin_service_test.dart: production PBKDF2 matches independent Python hashlib answer
02:05 +842 ~6: /Users/MattLeikam/Documents/Codex/2026-09-25/files-mentioned-by-the-user-wingman/outputs/wingman-browser/test/guard_pin/guard_pin_service_test.dart: production PBKDF2 matches independent Python hashlib answer
02:05 +843 ~6: /Users/MattLeikam/Documents/Codex/2026-09-25/files-mentioned-by-the-user-wingman/outputs/wingman-browser/test/guard_pin/guard_pin_service_test.dart: production PBKDF2 matches independent Python hashlib answer
02:05 +844 ~6: /Users/MattLeikam/Documents/Codex/2026-09-25/files-mentioned-by-the-user-wingman/outputs/wingman-browser/test/guard_pin/guard_pin_service_test.dart: production PBKDF2 matches independent Python hashlib answer
02:05 +845 ~6: /Users/MattLeikam/Documents/Codex/2026-09-25/files-mentioned-by-the-user-wingman/outputs/wingman-browser/test/guard_pin/guard_pin_service_test.dart: production PBKDF2 matches independent Python hashlib answer
02:05 +846 ~6: /Users/MattLeikam/Documents/Codex/2026-09-25/files-mentioned-by-the-user-wingman/outputs/wingman-browser/test/guard_pin/guard_pin_service_test.dart: production PBKDF2 matches independent Python hashlib answer
02:05 +847 ~6: /Users/MattLeikam/Documents/Codex/2026-09-25/files-mentioned-by-the-user-wingman/outputs/wingman-browser/test/guard_pin/guard_pin_service_test.dart: production PBKDF2 matches independent Python hashlib answer
02:05 +848 ~6: /Users/MattLeikam/Documents/Codex/2026-09-25/files-mentioned-by-the-user-wingman/outputs/wingman-browser/test/guard_pin/guard_pin_service_test.dart: production PBKDF2 matches independent Python hashlib answer
02:05 +849 ~6: /Users/MattLeikam/Documents/Codex/2026-09-25/files-mentioned-by-the-user-wingman/outputs/wingman-browser/test/guard_pin/guard_pin_service_test.dart: production PBKDF2 matches independent Python hashlib answer
02:05 +850 ~6: /Users/MattLeikam/Documents/Codex/2026-09-25/files-mentioned-by-the-user-wingman/outputs/wingman-browser/test/guard_pin/guard_pin_service_test.dart: production PBKDF2 matches independent Python hashlib answer
02:05 +851 ~6: /Users/MattLeikam/Documents/Codex/2026-09-25/files-mentioned-by-the-user-wingman/outputs/wingman-browser/test/guard_pin/guard_pin_service_test.dart: production PBKDF2 matches independent Python hashlib answer
02:05 +852 ~6: /Users/MattLeikam/Documents/Codex/2026-09-25/files-mentioned-by-the-user-wingman/outputs/wingman-browser/test/guard_pin/guard_pin_service_test.dart: production PBKDF2 matches independent Python hashlib answer
02:05 +853 ~6: /Users/MattLeikam/Documents/Codex/2026-09-25/files-mentioned-by-the-user-wingman/outputs/wingman-browser/test/guard_pin/guard_pin_service_test.dart: production PBKDF2 matches independent Python hashlib answer
02:05 +854 ~6: /Users/MattLeikam/Documents/Codex/2026-09-25/files-mentioned-by-the-user-wingman/outputs/wingman-browser/test/guard_pin/guard_pin_service_test.dart: production PBKDF2 matches independent Python hashlib answer
02:05 +855 ~6: /Users/MattLeikam/Documents/Codex/2026-09-25/files-mentioned-by-the-user-wingman/outputs/wingman-browser/test/guard_pin/guard_pin_service_test.dart: production PBKDF2 matches independent Python hashlib answer
02:05 +856 ~6: /Users/MattLeikam/Documents/Codex/2026-09-25/files-mentioned-by-the-user-wingman/outputs/wingman-browser/test/guard_pin/guard_pin_service_test.dart: production PBKDF2 matches independent Python hashlib answer
02:05 +857 ~6: /Users/MattLeikam/Documents/Codex/2026-09-25/files-mentioned-by-the-user-wingman/outputs/wingman-browser/test/guard_pin/guard_pin_service_test.dart: production PBKDF2 matches independent Python hashlib answer
02:05 +858 ~6: /Users/MattLeikam/Documents/Codex/2026-09-25/files-mentioned-by-the-user-wingman/outputs/wingman-browser/test/guard_pin/guard_pin_service_test.dart: production PBKDF2 matches independent Python hashlib answer
02:05 +859 ~6: /Users/MattLeikam/Documents/Codex/2026-09-25/files-mentioned-by-the-user-wingman/outputs/wingman-browser/test/guard_pin/guard_pin_service_test.dart: production PBKDF2 matches independent Python hashlib answer
02:05 +860 ~6: /Users/MattLeikam/Documents/Codex/2026-09-25/files-mentioned-by-the-user-wingman/outputs/wingman-browser/test/guard_pin/guard_pin_service_test.dart: production PBKDF2 matches independent Python hashlib answer
02:05 +861 ~6: /Users/MattLeikam/Documents/Codex/2026-09-25/files-mentioned-by-the-user-wingman/outputs/wingman-browser/test/guard_pin/guard_pin_service_test.dart: production PBKDF2 matches independent Python hashlib answer
02:05 +862 ~6: /Users/MattLeikam/Documents/Codex/2026-09-25/files-mentioned-by-the-user-wingman/outputs/wingman-browser/test/guard_pin/guard_pin_service_test.dart: production PBKDF2 matches independent Python hashlib answer
02:05 +863 ~6: /Users/MattLeikam/Documents/Codex/2026-09-25/files-mentioned-by-the-user-wingman/outputs/wingman-browser/test/guard_pin/guard_pin_service_test.dart: production PBKDF2 matches independent Python hashlib answer
02:05 +864 ~6: /Users/MattLeikam/Documents/Codex/2026-09-25/files-mentioned-by-the-user-wingman/outputs/wingman-browser/test/guard_pin/guard_pin_service_test.dart: production PBKDF2 matches independent Python hashlib answer
02:05 +865 ~6: /Users/MattLeikam/Documents/Codex/2026-09-25/files-mentioned-by-the-user-wingman/outputs/wingman-browser/test/guard_pin/guard_pin_service_test.dart: production PBKDF2 matches independent Python hashlib answer
02:05 +866 ~6: /Users/MattLeikam/Documents/Codex/2026-09-25/files-mentioned-by-the-user-wingman/outputs/wingman-browser/test/guard_pin/guard_pin_service_test.dart: production PBKDF2 matches independent Python hashlib answer
02:05 +867 ~6: /Users/MattLeikam/Documents/Codex/2026-09-25/files-mentioned-by-the-user-wingman/outputs/wingman-browser/test/guard_pin/guard_pin_service_test.dart: production PBKDF2 matches independent Python hashlib answer
02:05 +868 ~6: /Users/MattLeikam/Documents/Codex/2026-09-25/files-mentioned-by-the-user-wingman/outputs/wingman-browser/test/guard_pin/guard_pin_service_test.dart: production PBKDF2 matches independent Python hashlib answer
02:05 +869 ~6: /Users/MattLeikam/Documents/Codex/2026-09-25/files-mentioned-by-the-user-wingman/outputs/wingman-browser/test/guard_pin/guard_pin_service_test.dart: production PBKDF2 matches independent Python hashlib answer
02:05 +870 ~6: /Users/MattLeikam/Documents/Codex/2026-09-25/files-mentioned-by-the-user-wingman/outputs/wingman-browser/test/guard_pin/guard_pin_service_test.dart: production PBKDF2 matches independent Python hashlib answer
02:05 +871 ~6: /Users/MattLeikam/Documents/Codex/2026-09-25/files-mentioned-by-the-user-wingman/outputs/wingman-browser/test/guard_pin/guard_pin_service_test.dart: production PBKDF2 matches independent Python hashlib answer
02:05 +872 ~6: /Users/MattLeikam/Documents/Codex/2026-09-25/files-mentioned-by-the-user-wingman/outputs/wingman-browser/test/guard_pin/guard_pin_service_test.dart: production PBKDF2 matches independent Python hashlib answer
02:05 +873 ~6: /Users/MattLeikam/Documents/Codex/2026-09-25/files-mentioned-by-the-user-wingman/outputs/wingman-browser/test/guard_pin/guard_pin_service_test.dart: production PBKDF2 matches independent Python hashlib answer
02:05 +874 ~6: /Users/MattLeikam/Documents/Codex/2026-09-25/files-mentioned-by-the-user-wingman/outputs/wingman-browser/test/guard_pin/guard_pin_service_test.dart: production PBKDF2 matches independent Python hashlib answer
02:05 +875 ~6: /Users/MattLeikam/Documents/Codex/2026-09-25/files-mentioned-by-the-user-wingman/outputs/wingman-browser/test/guard_pin/guard_pin_service_test.dart: production PBKDF2 matches independent Python hashlib answer
02:05 +876 ~6: /Users/MattLeikam/Documents/Codex/2026-09-25/files-mentioned-by-the-user-wingman/outputs/wingman-browser/test/guard_pin/guard_pin_service_test.dart: production PBKDF2 matches independent Python hashlib answer
02:05 +877 ~6: /Users/MattLeikam/Documents/Codex/2026-09-25/files-mentioned-by-the-user-wingman/outputs/wingman-browser/test/guard_pin/guard_pin_service_test.dart: production PBKDF2 matches independent Python hashlib answer
02:05 +878 ~6: /Users/MattLeikam/Documents/Codex/2026-09-25/files-mentioned-by-the-user-wingman/outputs/wingman-browser/test/guard_pin/guard_pin_service_test.dart: production PBKDF2 matches independent Python hashlib answer
02:05 +879 ~6: /Users/MattLeikam/Documents/Codex/2026-09-25/files-mentioned-by-the-user-wingman/outputs/wingman-browser/test/guard_pin/guard_pin_service_test.dart: production PBKDF2 matches independent Python hashlib answer
02:05 +880 ~6: /Users/MattLeikam/Documents/Codex/2026-09-25/files-mentioned-by-the-user-wingman/outputs/wingman-browser/test/guard_pin/guard_pin_service_test.dart: production PBKDF2 matches independent Python hashlib answer
02:05 +881 ~6: /Users/MattLeikam/Documents/Codex/2026-09-25/files-mentioned-by-the-user-wingman/outputs/wingman-browser/test/guard_pin/guard_pin_service_test.dart: production PBKDF2 matches independent Python hashlib answer
02:05 +882 ~6: /Users/MattLeikam/Documents/Codex/2026-09-25/files-mentioned-by-the-user-wingman/outputs/wingman-browser/test/guard_pin/guard_pin_service_test.dart: production PBKDF2 matches independent Python hashlib answer
02:05 +883 ~6: /Users/MattLeikam/Documents/Codex/2026-09-25/files-mentioned-by-the-user-wingman/outputs/wingman-browser/test/guard_pin/guard_pin_service_test.dart: production PBKDF2 matches independent Python hashlib answer
02:05 +884 ~6: /Users/MattLeikam/Documents/Codex/2026-09-25/files-mentioned-by-the-user-wingman/outputs/wingman-browser/test/guard_pin/guard_pin_service_test.dart: production PBKDF2 matches independent Python hashlib answer
02:05 +885 ~6: /Users/MattLeikam/Documents/Codex/2026-09-25/files-mentioned-by-the-user-wingman/outputs/wingman-browser/test/guard_pin/guard_pin_service_test.dart: production PBKDF2 matches independent Python hashlib answer
02:05 +886 ~6: /Users/MattLeikam/Documents/Codex/2026-09-25/files-mentioned-by-the-user-wingman/outputs/wingman-browser/test/guard_pin/guard_pin_service_test.dart: production PBKDF2 matches independent Python hashlib answer
02:05 +887 ~6: /Users/MattLeikam/Documents/Codex/2026-09-25/files-mentioned-by-the-user-wingman/outputs/wingman-browser/test/guard_pin/guard_pin_service_test.dart: production PBKDF2 matches independent Python hashlib answer
02:05 +888 ~6: /Users/MattLeikam/Documents/Codex/2026-09-25/files-mentioned-by-the-user-wingman/outputs/wingman-browser/test/guard_pin/guard_pin_service_test.dart: production PBKDF2 matches independent Python hashlib answer
02:05 +889 ~6: /Users/MattLeikam/Documents/Codex/2026-09-25/files-mentioned-by-the-user-wingman/outputs/wingman-browser/test/guard_pin/guard_pin_service_test.dart: production PBKDF2 matches independent Python hashlib answer
02:05 +890 ~6: /Users/MattLeikam/Documents/Codex/2026-09-25/files-mentioned-by-the-user-wingman/outputs/wingman-browser/test/guard_pin/guard_pin_service_test.dart: production PBKDF2 matches independent Python hashlib answer
02:05 +891 ~6: /Users/MattLeikam/Documents/Codex/2026-09-25/files-mentioned-by-the-user-wingman/outputs/wingman-browser/test/guard_pin/guard_pin_service_test.dart: production PBKDF2 matches independent Python hashlib answer
02:05 +892 ~6: /Users/MattLeikam/Documents/Codex/2026-09-25/files-mentioned-by-the-user-wingman/outputs/wingman-browser/test/guard_pin/guard_pin_service_test.dart: production PBKDF2 matches independent Python hashlib answer
02:05 +893 ~6: /Users/MattLeikam/Documents/Codex/2026-09-25/files-mentioned-by-the-user-wingman/outputs/wingman-browser/test/guard_pin/guard_pin_service_test.dart: production PBKDF2 matches independent Python hashlib answer
02:05 +894 ~6: /Users/MattLeikam/Documents/Codex/2026-09-25/files-mentioned-by-the-user-wingman/outputs/wingman-browser/test/guard_pin/guard_pin_service_test.dart: production PBKDF2 matches independent Python hashlib answer
02:05 +895 ~6: /Users/MattLeikam/Documents/Codex/2026-09-25/files-mentioned-by-the-user-wingman/outputs/wingman-browser/test/guard_pin/guard_pin_service_test.dart: production PBKDF2 matches independent Python hashlib answer
02:05 +896 ~6: /Users/MattLeikam/Documents/Codex/2026-09-25/files-mentioned-by-the-user-wingman/outputs/wingman-browser/test/guard_pin/guard_pin_service_test.dart: production PBKDF2 matches independent Python hashlib answer
02:05 +897 ~6: /Users/MattLeikam/Documents/Codex/2026-09-25/files-mentioned-by-the-user-wingman/outputs/wingman-browser/test/guard_pin/guard_pin_service_test.dart: production PBKDF2 matches independent Python hashlib answer
02:05 +898 ~6: /Users/MattLeikam/Documents/Codex/2026-09-25/files-mentioned-by-the-user-wingman/outputs/wingman-browser/test/guard_pin/guard_pin_service_test.dart: production PBKDF2 matches independent Python hashlib answer
02:05 +899 ~6: /Users/MattLeikam/Documents/Codex/2026-09-25/files-mentioned-by-the-user-wingman/outputs/wingman-browser/test/guard_pin/guard_pin_service_test.dart: production PBKDF2 matches independent Python hashlib answer
02:05 +900 ~6: /Users/MattLeikam/Documents/Codex/2026-09-25/files-mentioned-by-the-user-wingman/outputs/wingman-browser/test/guard_pin/guard_pin_service_test.dart: production PBKDF2 matches independent Python hashlib answer
02:05 +901 ~6: /Users/MattLeikam/Documents/Codex/2026-09-25/files-mentioned-by-the-user-wingman/outputs/wingman-browser/test/guard_pin/guard_pin_service_test.dart: production PBKDF2 matches independent Python hashlib answer
02:05 +902 ~6: /Users/MattLeikam/Documents/Codex/2026-09-25/files-mentioned-by-the-user-wingman/outputs/wingman-browser/test/guard_pin/guard_pin_service_test.dart: production PBKDF2 matches independent Python hashlib answer
02:05 +903 ~6: /Users/MattLeikam/Documents/Codex/2026-09-25/files-mentioned-by-the-user-wingman/outputs/wingman-browser/test/guard_pin/guard_pin_service_test.dart: production PBKDF2 matches independent Python hashlib answer
02:05 +904 ~6: /Users/MattLeikam/Documents/Codex/2026-09-25/files-mentioned-by-the-user-wingman/outputs/wingman-browser/test/guard_pin/guard_pin_service_test.dart: production PBKDF2 matches independent Python hashlib answer
02:05 +905 ~6: /Users/MattLeikam/Documents/Codex/2026-09-25/files-mentioned-by-the-user-wingman/outputs/wingman-browser/test/guard_pin/guard_pin_service_test.dart: production PBKDF2 matches independent Python hashlib answer
02:05 +906 ~6: /Users/MattLeikam/Documents/Codex/2026-09-25/files-mentioned-by-the-user-wingman/outputs/wingman-browser/test/guard_pin/guard_pin_service_test.dart: production PBKDF2 matches independent Python hashlib answer
02:05 +907 ~6: /Users/MattLeikam/Documents/Codex/2026-09-25/files-mentioned-by-the-user-wingman/outputs/wingman-browser/test/guard_pin/guard_pin_service_test.dart: production PBKDF2 matches independent Python hashlib answer
02:05 +908 ~6: /Users/MattLeikam/Documents/Codex/2026-09-25/files-mentioned-by-the-user-wingman/outputs/wingman-browser/test/guard_pin/guard_pin_service_test.dart: production PBKDF2 matches independent Python hashlib answer
02:05 +909 ~6: /Users/MattLeikam/Documents/Codex/2026-09-25/files-mentioned-by-the-user-wingman/outputs/wingman-browser/test/guard_pin/guard_pin_service_test.dart: production PBKDF2 matches independent Python hashlib answer
02:05 +910 ~6: /Users/MattLeikam/Documents/Codex/2026-09-25/files-mentioned-by-the-user-wingman/outputs/wingman-browser/test/guard_pin/guard_pin_service_test.dart: production PBKDF2 matches independent Python hashlib answer
02:05 +911 ~6: /Users/MattLeikam/Documents/Codex/2026-09-25/files-mentioned-by-the-user-wingman/outputs/wingman-browser/test/guard_pin/guard_pin_service_test.dart: production PBKDF2 matches independent Python hashlib answer
02:05 +912 ~6: /Users/MattLeikam/Documents/Codex/2026-09-25/files-mentioned-by-the-user-wingman/outputs/wingman-browser/test/guard_pin/guard_pin_service_test.dart: production PBKDF2 matches independent Python hashlib answer
02:05 +913 ~6: /Users/MattLeikam/Documents/Codex/2026-09-25/files-mentioned-by-the-user-wingman/outputs/wingman-browser/test/guard_pin/guard_pin_service_test.dart: production PBKDF2 matches independent Python hashlib answer
02:05 +914 ~6: /Users/MattLeikam/Documents/Codex/2026-09-25/files-mentioned-by-the-user-wingman/outputs/wingman-browser/test/guard_pin/guard_pin_service_test.dart: production PBKDF2 matches independent Python hashlib answer
02:05 +915 ~6: /Users/MattLeikam/Documents/Codex/2026-09-25/files-mentioned-by-the-user-wingman/outputs/wingman-browser/test/guard_pin/guard_pin_service_test.dart: production PBKDF2 matches independent Python hashlib answer
02:05 +916 ~6: /Users/MattLeikam/Documents/Codex/2026-09-25/files-mentioned-by-the-user-wingman/outputs/wingman-browser/test/guard_pin/guard_pin_service_test.dart: production PBKDF2 matches independent Python hashlib answer
02:05 +917 ~6: /Users/MattLeikam/Documents/Codex/2026-09-25/files-mentioned-by-the-user-wingman/outputs/wingman-browser/test/guard_pin/guard_pin_service_test.dart: production PBKDF2 matches independent Python hashlib answer
02:05 +918 ~6: /Users/MattLeikam/Documents/Codex/2026-09-25/files-mentioned-by-the-user-wingman/outputs/wingman-browser/test/guard_pin/guard_pin_service_test.dart: production PBKDF2 matches independent Python hashlib answer
02:05 +919 ~6: /Users/MattLeikam/Documents/Codex/2026-09-25/files-mentioned-by-the-user-wingman/outputs/wingman-browser/test/guard_pin/guard_pin_service_test.dart: production PBKDF2 matches independent Python hashlib answer
02:05 +920 ~6: /Users/MattLeikam/Documents/Codex/2026-09-25/files-mentioned-by-the-user-wingman/outputs/wingman-browser/test/guard_pin/guard_pin_service_test.dart: production PBKDF2 matches independent Python hashlib answer
02:05 +921 ~6: /Users/MattLeikam/Documents/Codex/2026-09-25/files-mentioned-by-the-user-wingman/outputs/wingman-browser/test/guard_pin/guard_pin_service_test.dart: production PBKDF2 matches independent Python hashlib answer
02:05 +922 ~6: /Users/MattLeikam/Documents/Codex/2026-09-25/files-mentioned-by-the-user-wingman/outputs/wingman-browser/test/guard_pin/guard_pin_service_test.dart: production PBKDF2 matches independent Python hashlib answer
02:05 +923 ~6: /Users/MattLeikam/Documents/Codex/2026-09-25/files-mentioned-by-the-user-wingman/outputs/wingman-browser/test/guard_pin/guard_pin_service_test.dart: production PBKDF2 matches independent Python hashlib answer
02:05 +924 ~6: /Users/MattLeikam/Documents/Codex/2026-09-25/files-mentioned-by-the-user-wingman/outputs/wingman-browser/test/guard_pin/guard_pin_service_test.dart: production PBKDF2 matches independent Python hashlib answer
02:05 +925 ~6: /Users/MattLeikam/Documents/Codex/2026-09-25/files-mentioned-by-the-user-wingman/outputs/wingman-browser/test/guard_pin/guard_pin_service_test.dart: production PBKDF2 matches independent Python hashlib answer
02:05 +926 ~6: /Users/MattLeikam/Documents/Codex/2026-09-25/files-mentioned-by-the-user-wingman/outputs/wingman-browser/test/guard_pin/guard_pin_service_test.dart: production PBKDF2 matches independent Python hashlib answer
02:05 +927 ~6: /Users/MattLeikam/Documents/Codex/2026-09-25/files-mentioned-by-the-user-wingman/outputs/wingman-browser/test/guard_pin/guard_pin_service_test.dart: production PBKDF2 matches independent Python hashlib answer
02:05 +928 ~6: /Users/MattLeikam/Documents/Codex/2026-09-25/files-mentioned-by-the-user-wingman/outputs/wingman-browser/test/guard_pin/guard_pin_service_test.dart: production PBKDF2 matches independent Python hashlib answer
02:05 +929 ~6: /Users/MattLeikam/Documents/Codex/2026-09-25/files-mentioned-by-the-user-wingman/outputs/wingman-browser/test/guard_pin/guard_pin_service_test.dart: production PBKDF2 matches independent Python hashlib answer
02:05 +930 ~6: /Users/MattLeikam/Documents/Codex/2026-09-25/files-mentioned-by-the-user-wingman/outputs/wingman-browser/test/guard_pin/guard_pin_service_test.dart: production PBKDF2 matches independent Python hashlib answer
02:05 +931 ~6: /Users/MattLeikam/Documents/Codex/2026-09-25/files-mentioned-by-the-user-wingman/outputs/wingman-browser/test/guard_pin/guard_pin_service_test.dart: production PBKDF2 matches independent Python hashlib answer
02:05 +932 ~6: /Users/MattLeikam/Documents/Codex/2026-09-25/files-mentioned-by-the-user-wingman/outputs/wingman-browser/test/guard_pin/guard_pin_service_test.dart: production PBKDF2 matches independent Python hashlib answer
02:05 +933 ~6: /Users/MattLeikam/Documents/Codex/2026-09-25/files-mentioned-by-the-user-wingman/outputs/wingman-browser/test/guard_pin/guard_pin_service_test.dart: production PBKDF2 matches independent Python hashlib answer
02:05 +934 ~6: /Users/MattLeikam/Documents/Codex/2026-09-25/files-mentioned-by-the-user-wingman/outputs/wingman-browser/test/guard_pin/guard_pin_service_test.dart: production PBKDF2 matches independent Python hashlib answer
02:06 +935 ~6: /Users/MattLeikam/Documents/Codex/2026-09-25/files-mentioned-by-the-user-wingman/outputs/wingman-browser/test/guard_pin/guard_pin_service_test.dart: production PBKDF2 matches independent Python hashlib answer
02:06 +936 ~6: /Users/MattLeikam/Documents/Codex/2026-09-25/files-mentioned-by-the-user-wingman/outputs/wingman-browser/test/guard_pin/guard_pin_service_test.dart: production PBKDF2 matches independent Python hashlib answer
02:06 +937 ~6: /Users/MattLeikam/Documents/Codex/2026-09-25/files-mentioned-by-the-user-wingman/outputs/wingman-browser/test/guard_pin/guard_pin_service_test.dart: production PBKDF2 matches independent Python hashlib answer
02:06 +938 ~6: /Users/MattLeikam/Documents/Codex/2026-09-25/files-mentioned-by-the-user-wingman/outputs/wingman-browser/test/guard_pin/guard_pin_service_test.dart: production PBKDF2 matches independent Python hashlib answer
02:06 +939 ~6: /Users/MattLeikam/Documents/Codex/2026-09-25/files-mentioned-by-the-user-wingman/outputs/wingman-browser/test/guard_pin/guard_pin_service_test.dart: production PBKDF2 matches independent Python hashlib answer
02:06 +940 ~6: /Users/MattLeikam/Documents/Codex/2026-09-25/files-mentioned-by-the-user-wingman/outputs/wingman-browser/test/guard_pin/guard_pin_service_test.dart: production PBKDF2 matches independent Python hashlib answer
02:06 +941 ~6: /Users/MattLeikam/Documents/Codex/2026-09-25/files-mentioned-by-the-user-wingman/outputs/wingman-browser/test/guard_pin/guard_pin_service_test.dart: production PBKDF2 matches independent Python hashlib answer
02:06 +942 ~6: /Users/MattLeikam/Documents/Codex/2026-09-25/files-mentioned-by-the-user-wingman/outputs/wingman-browser/test/guard_pin/guard_pin_service_test.dart: production PBKDF2 matches independent Python hashlib answer
02:06 +943 ~6: /Users/MattLeikam/Documents/Codex/2026-09-25/files-mentioned-by-the-user-wingman/outputs/wingman-browser/test/guard_pin/guard_pin_service_test.dart: production PBKDF2 matches independent Python hashlib answer
02:06 +944 ~6: /Users/MattLeikam/Documents/Codex/2026-09-25/files-mentioned-by-the-user-wingman/outputs/wingman-browser/test/guard_pin/guard_pin_service_test.dart: production PBKDF2 matches independent Python hashlib answer
02:06 +945 ~6: /Users/MattLeikam/Documents/Codex/2026-09-25/files-mentioned-by-the-user-wingman/outputs/wingman-browser/test/guard_pin/guard_pin_service_test.dart: production PBKDF2 matches independent Python hashlib answer
02:06 +946 ~6: /Users/MattLeikam/Documents/Codex/2026-09-25/files-mentioned-by-the-user-wingman/outputs/wingman-browser/test/guard_pin/guard_pin_service_test.dart: production PBKDF2 matches independent Python hashlib answer
02:06 +947 ~6: /Users/MattLeikam/Documents/Codex/2026-09-25/files-mentioned-by-the-user-wingman/outputs/wingman-browser/test/guard_pin/guard_pin_service_test.dart: production PBKDF2 matches independent Python hashlib answer
02:06 +948 ~6: /Users/MattLeikam/Documents/Codex/2026-09-25/files-mentioned-by-the-user-wingman/outputs/wingman-browser/test/guard_pin/guard_pin_service_test.dart: production PBKDF2 matches independent Python hashlib answer
02:06 +949 ~6: /Users/MattLeikam/Documents/Codex/2026-09-25/files-mentioned-by-the-user-wingman/outputs/wingman-browser/test/guard_pin/guard_pin_service_test.dart: production PBKDF2 matches independent Python hashlib answer
02:06 +950 ~6: /Users/MattLeikam/Documents/Codex/2026-09-25/files-mentioned-by-the-user-wingman/outputs/wingman-browser/test/guard_pin/guard_pin_service_test.dart: production PBKDF2 matches independent Python hashlib answer
02:06 +951 ~6: /Users/MattLeikam/Documents/Codex/2026-09-25/files-mentioned-by-the-user-wingman/outputs/wingman-browser/test/guard_pin/guard_pin_service_test.dart: production PBKDF2 matches independent Python hashlib answer
02:06 +952 ~6: /Users/MattLeikam/Documents/Codex/2026-09-25/files-mentioned-by-the-user-wingman/outputs/wingman-browser/test/guard_pin/guard_pin_service_test.dart: production PBKDF2 matches independent Python hashlib answer
02:06 +953 ~6: /Users/MattLeikam/Documents/Codex/2026-09-25/files-mentioned-by-the-user-wingman/outputs/wingman-browser/test/guard_pin/guard_pin_service_test.dart: production PBKDF2 matches independent Python hashlib answer
02:06 +954 ~6: /Users/MattLeikam/Documents/Codex/2026-09-25/files-mentioned-by-the-user-wingman/outputs/wingman-browser/test/guard_pin/guard_pin_service_test.dart: production PBKDF2 matches independent Python hashlib answer
02:06 +955 ~6: /Users/MattLeikam/Documents/Codex/2026-09-25/files-mentioned-by-the-user-wingman/outputs/wingman-browser/test/guard_pin/guard_pin_service_test.dart: production PBKDF2 matches independent Python hashlib answer
02:06 +956 ~6: /Users/MattLeikam/Documents/Codex/2026-09-25/files-mentioned-by-the-user-wingman/outputs/wingman-browser/test/guard_pin/guard_pin_service_test.dart: production PBKDF2 matches independent Python hashlib answer
02:06 +957 ~6: /Users/MattLeikam/Documents/Codex/2026-09-25/files-mentioned-by-the-user-wingman/outputs/wingman-browser/test/guard_pin/guard_pin_service_test.dart: production PBKDF2 matches independent Python hashlib answer
02:06 +958 ~6: /Users/MattLeikam/Documents/Codex/2026-09-25/files-mentioned-by-the-user-wingman/outputs/wingman-browser/test/guard_pin/guard_pin_service_test.dart: production PBKDF2 matches independent Python hashlib answer
02:06 +959 ~6: /Users/MattLeikam/Documents/Codex/2026-09-25/files-mentioned-by-the-user-wingman/outputs/wingman-browser/test/guard_pin/guard_pin_service_test.dart: production PBKDF2 matches independent Python hashlib answer
02:06 +960 ~6: /Users/MattLeikam/Documents/Codex/2026-09-25/files-mentioned-by-the-user-wingman/outputs/wingman-browser/test/guard_pin/guard_pin_service_test.dart: production PBKDF2 matches independent Python hashlib answer
02:06 +961 ~6: /Users/MattLeikam/Documents/Codex/2026-09-25/files-mentioned-by-the-user-wingman/outputs/wingman-browser/test/guard_pin/guard_pin_service_test.dart: production PBKDF2 matches independent Python hashlib answer
02:06 +962 ~6: /Users/MattLeikam/Documents/Codex/2026-09-25/files-mentioned-by-the-user-wingman/outputs/wingman-browser/test/guard_pin/guard_pin_service_test.dart: production PBKDF2 matches independent Python hashlib answer
02:06 +963 ~6: /Users/MattLeikam/Documents/Codex/2026-09-25/files-mentioned-by-the-user-wingman/outputs/wingman-browser/test/guard_pin/guard_pin_service_test.dart: production PBKDF2 matches independent Python hashlib answer
02:06 +964 ~6: /Users/MattLeikam/Documents/Codex/2026-09-25/files-mentioned-by-the-user-wingman/outputs/wingman-browser/test/guard_pin/guard_pin_service_test.dart: production PBKDF2 matches independent Python hashlib answer
02:06 +965 ~6: /Users/MattLeikam/Documents/Codex/2026-09-25/files-mentioned-by-the-user-wingman/outputs/wingman-browser/test/guard_pin/guard_pin_service_test.dart: production PBKDF2 matches independent Python hashlib answer
02:06 +966 ~6: /Users/MattLeikam/Documents/Codex/2026-09-25/files-mentioned-by-the-user-wingman/outputs/wingman-browser/test/guard_pin/guard_pin_service_test.dart: production PBKDF2 matches independent Python hashlib answer
02:06 +967 ~6: /Users/MattLeikam/Documents/Codex/2026-09-25/files-mentioned-by-the-user-wingman/outputs/wingman-browser/test/guard_pin/guard_pin_service_test.dart: production PBKDF2 matches independent Python hashlib answer
02:06 +968 ~6: /Users/MattLeikam/Documents/Codex/2026-09-25/files-mentioned-by-the-user-wingman/outputs/wingman-browser/test/guard_pin/guard_pin_service_test.dart: production PBKDF2 matches independent Python hashlib answer
02:06 +969 ~6: /Users/MattLeikam/Documents/Codex/2026-09-25/files-mentioned-by-the-user-wingman/outputs/wingman-browser/test/guard_pin/guard_pin_service_test.dart: production PBKDF2 matches independent Python hashlib answer
02:06 +970 ~6: /Users/MattLeikam/Documents/Codex/2026-09-25/files-mentioned-by-the-user-wingman/outputs/wingman-browser/test/guard_pin/guard_pin_service_test.dart: production PBKDF2 matches independent Python hashlib answer
02:06 +971 ~6: /Users/MattLeikam/Documents/Codex/2026-09-25/files-mentioned-by-the-user-wingman/outputs/wingman-browser/test/guard_pin/guard_pin_service_test.dart: production PBKDF2 matches independent Python hashlib answer
02:06 +972 ~6: /Users/MattLeikam/Documents/Codex/2026-09-25/files-mentioned-by-the-user-wingman/outputs/wingman-browser/test/guard_pin/guard_pin_service_test.dart: production PBKDF2 matches independent Python hashlib answer
02:06 +973 ~6: /Users/MattLeikam/Documents/Codex/2026-09-25/files-mentioned-by-the-user-wingman/outputs/wingman-browser/test/guard_pin/guard_pin_service_test.dart: production PBKDF2 matches independent Python hashlib answer
02:06 +974 ~6: /Users/MattLeikam/Documents/Codex/2026-09-25/files-mentioned-by-the-user-wingman/outputs/wingman-browser/test/guard_pin/guard_pin_service_test.dart: production PBKDF2 matches independent Python hashlib answer
02:06 +975 ~6: /Users/MattLeikam/Documents/Codex/2026-09-25/files-mentioned-by-the-user-wingman/outputs/wingman-browser/test/guard_pin/guard_pin_service_test.dart: production PBKDF2 matches independent Python hashlib answer
02:06 +976 ~6: /Users/MattLeikam/Documents/Codex/2026-09-25/files-mentioned-by-the-user-wingman/outputs/wingman-browser/test/guard_pin/guard_pin_service_test.dart: production PBKDF2 matches independent Python hashlib answer
02:06 +977 ~6: /Users/MattLeikam/Documents/Codex/2026-09-25/files-mentioned-by-the-user-wingman/outputs/wingman-browser/test/guard_pin/guard_pin_service_test.dart: production PBKDF2 matches independent Python hashlib answer
02:06 +978 ~6: /Users/MattLeikam/Documents/Codex/2026-09-25/files-mentioned-by-the-user-wingman/outputs/wingman-browser/test/guard_pin/guard_pin_service_test.dart: production PBKDF2 matches independent Python hashlib answer
02:06 +979 ~6: /Users/MattLeikam/Documents/Codex/2026-09-25/files-mentioned-by-the-user-wingman/outputs/wingman-browser/test/guard_pin/guard_pin_service_test.dart: production PBKDF2 matches independent Python hashlib answer
02:06 +980 ~6: /Users/MattLeikam/Documents/Codex/2026-09-25/files-mentioned-by-the-user-wingman/outputs/wingman-browser/test/guard_pin/guard_pin_service_test.dart: production PBKDF2 matches independent Python hashlib answer
02:06 +981 ~6: /Users/MattLeikam/Documents/Codex/2026-09-25/files-mentioned-by-the-user-wingman/outputs/wingman-browser/test/guard_pin/guard_pin_service_test.dart: production PBKDF2 matches independent Python hashlib answer
02:06 +982 ~6: /Users/MattLeikam/Documents/Codex/2026-09-25/files-mentioned-by-the-user-wingman/outputs/wingman-browser/test/guard_pin/guard_pin_service_test.dart: production PBKDF2 matches independent Python hashlib answer
02:06 +983 ~6: /Users/MattLeikam/Documents/Codex/2026-09-25/files-mentioned-by-the-user-wingman/outputs/wingman-browser/test/guard_pin/guard_pin_service_test.dart: production PBKDF2 matches independent Python hashlib answer
02:06 +984 ~6: /Users/MattLeikam/Documents/Codex/2026-09-25/files-mentioned-by-the-user-wingman/outputs/wingman-browser/test/guard_pin/guard_pin_service_test.dart: production PBKDF2 matches independent Python hashlib answer
02:06 +985 ~6: /Users/MattLeikam/Documents/Codex/2026-09-25/files-mentioned-by-the-user-wingman/outputs/wingman-browser/test/guard_pin/guard_pin_service_test.dart: production PBKDF2 matches independent Python hashlib answer
02:06 +986 ~6: /Users/MattLeikam/Documents/Codex/2026-09-25/files-mentioned-by-the-user-wingman/outputs/wingman-browser/test/guard_pin/guard_pin_service_test.dart: production PBKDF2 matches independent Python hashlib answer
02:06 +987 ~6: /Users/MattLeikam/Documents/Codex/2026-09-25/files-mentioned-by-the-user-wingman/outputs/wingman-browser/test/guard_pin/guard_pin_service_test.dart: production PBKDF2 matches independent Python hashlib answer
02:06 +988 ~6: /Users/MattLeikam/Documents/Codex/2026-09-25/files-mentioned-by-the-user-wingman/outputs/wingman-browser/test/guard_pin/guard_pin_service_test.dart: production PBKDF2 matches independent Python hashlib answer
02:06 +989 ~6: /Users/MattLeikam/Documents/Codex/2026-09-25/files-mentioned-by-the-user-wingman/outputs/wingman-browser/test/guard_pin/guard_pin_service_test.dart: production PBKDF2 matches independent Python hashlib answer
02:06 +990 ~6: /Users/MattLeikam/Documents/Codex/2026-09-25/files-mentioned-by-the-user-wingman/outputs/wingman-browser/test/guard_pin/guard_pin_service_test.dart: production PBKDF2 matches independent Python hashlib answer
02:06 +991 ~6: /Users/MattLeikam/Documents/Codex/2026-09-25/files-mentioned-by-the-user-wingman/outputs/wingman-browser/test/guard_pin/guard_pin_service_test.dart: production PBKDF2 matches independent Python hashlib answer
02:06 +992 ~6: /Users/MattLeikam/Documents/Codex/2026-09-25/files-mentioned-by-the-user-wingman/outputs/wingman-browser/test/guard_pin/guard_pin_service_test.dart: production PBKDF2 matches independent Python hashlib answer
02:06 +993 ~6: /Users/MattLeikam/Documents/Codex/2026-09-25/files-mentioned-by-the-user-wingman/outputs/wingman-browser/test/guard_pin/guard_pin_service_test.dart: production PBKDF2 matches independent Python hashlib answer
02:06 +994 ~6: /Users/MattLeikam/Documents/Codex/2026-09-25/files-mentioned-by-the-user-wingman/outputs/wingman-browser/test/guard_pin/guard_pin_service_test.dart: production PBKDF2 matches independent Python hashlib answer
02:07 +995 ~6: /Users/MattLeikam/Documents/Codex/2026-09-25/files-mentioned-by-the-user-wingman/outputs/wingman-browser/test/guard_pin/guard_pin_service_test.dart: production PBKDF2 matches independent Python hashlib answer
02:07 +996 ~6: /Users/MattLeikam/Documents/Codex/2026-09-25/files-mentioned-by-the-user-wingman/outputs/wingman-browser/test/guard_pin/guard_pin_service_test.dart: production PBKDF2 matches independent Python hashlib answer
02:07 +997 ~6: /Users/MattLeikam/Documents/Codex/2026-09-25/files-mentioned-by-the-user-wingman/outputs/wingman-browser/test/guard_pin/guard_pin_service_test.dart: production PBKDF2 matches independent Python hashlib answer
02:07 +998 ~6: /Users/MattLeikam/Documents/Codex/2026-09-25/files-mentioned-by-the-user-wingman/outputs/wingman-browser/test/guard_pin/guard_pin_service_test.dart: production PBKDF2 matches independent Python hashlib answer
PIN_KDF_TEST_MS=2663
02:08 +999 ~6: /Users/MattLeikam/Documents/Codex/2026-09-25/files-mentioned-by-the-user-wingman/outputs/wingman-browser/test/policy/consumer_protection_updates_test.dart: (setUpAll)
02:08 +1000 ~6: /Users/MattLeikam/Documents/Codex/2026-09-25/files-mentioned-by-the-user-wingman/outputs/wingman-browser/test/policy/consumer_protection_updates_test.dart: (setUpAll)
02:08 +1001 ~6: /Users/MattLeikam/Documents/Codex/2026-09-25/files-mentioned-by-the-user-wingman/outputs/wingman-browser/test/policy/consumer_protection_updates_test.dart: (setUpAll)
02:08 +1002 ~6: /Users/MattLeikam/Documents/Codex/2026-09-25/files-mentioned-by-the-user-wingman/outputs/wingman-browser/test/policy/consumer_protection_updates_test.dart: (setUpAll)
02:08 +1002 ~6: /Users/MattLeikam/Documents/Codex/2026-09-25/files-mentioned-by-the-user-wingman/outputs/wingman-browser/test/policy/consumer_protection_policy_test.dart: (setUpAll)
02:08 +1003 ~6: /Users/MattLeikam/Documents/Codex/2026-09-25/files-mentioned-by-the-user-wingman/outputs/wingman-browser/test/policy/consumer_protection_policy_test.dart: (setUpAll)
02:08 +1004 ~6: /Users/MattLeikam/Documents/Codex/2026-09-25/files-mentioned-by-the-user-wingman/outputs/wingman-browser/test/policy/consumer_protection_policy_test.dart: (setUpAll)
02:08 +1005 ~6: /Users/MattLeikam/Documents/Codex/2026-09-25/files-mentioned-by-the-user-wingman/outputs/wingman-browser/test/policy/consumer_protection_policy_test.dart: (setUpAll)
02:08 +1006 ~6: /Users/MattLeikam/Documents/Codex/2026-09-25/files-mentioned-by-the-user-wingman/outputs/wingman-browser/test/policy/consumer_protection_policy_test.dart: (setUpAll)
02:08 +1007 ~6: /Users/MattLeikam/Documents/Codex/2026-09-25/files-mentioned-by-the-user-wingman/outputs/wingman-browser/test/policy/consumer_protection_policy_test.dart: (setUpAll)
02:08 +1008 ~6: /Users/MattLeikam/Documents/Codex/2026-09-25/files-mentioned-by-the-user-wingman/outputs/wingman-browser/test/policy/consumer_protection_policy_test.dart: (setUpAll)
02:08 +1009 ~6: /Users/MattLeikam/Documents/Codex/2026-09-25/files-mentioned-by-the-user-wingman/outputs/wingman-browser/test/policy/consumer_protection_policy_test.dart: (setUpAll)
02:08 +1010 ~6: /Users/MattLeikam/Documents/Codex/2026-09-25/files-mentioned-by-the-user-wingman/outputs/wingman-browser/test/policy/consumer_protection_policy_test.dart: (setUpAll)
02:08 +1011 ~6: /Users/MattLeikam/Documents/Codex/2026-09-25/files-mentioned-by-the-user-wingman/outputs/wingman-browser/test/policy/consumer_protection_policy_test.dart: (setUpAll)
02:08 +1012 ~6: /Users/MattLeikam/Documents/Codex/2026-09-25/files-mentioned-by-the-user-wingman/outputs/wingman-browser/test/policy/consumer_protection_policy_test.dart: (setUpAll)
02:08 +1013 ~6: /Users/MattLeikam/Documents/Codex/2026-09-25/files-mentioned-by-the-user-wingman/outputs/wingman-browser/test/policy/consumer_protection_policy_test.dart: (setUpAll)
02:08 +1014 ~6: /Users/MattLeikam/Documents/Codex/2026-09-25/files-mentioned-by-the-user-wingman/outputs/wingman-browser/test/policy/consumer_protection_policy_test.dart: (setUpAll)
02:08 +1015 ~6: /Users/MattLeikam/Documents/Codex/2026-09-25/files-mentioned-by-the-user-wingman/outputs/wingman-browser/test/policy/consumer_protection_policy_test.dart: (setUpAll)
02:08 +1016 ~6: /Users/MattLeikam/Documents/Codex/2026-09-25/files-mentioned-by-the-user-wingman/outputs/wingman-browser/test/policy/consumer_protection_policy_test.dart: (setUpAll)
02:08 +1017 ~6: /Users/MattLeikam/Documents/Codex/2026-09-25/files-mentioned-by-the-user-wingman/outputs/wingman-browser/test/policy/consumer_protection_policy_test.dart: (setUpAll)
02:08 +1018 ~6: /Users/MattLeikam/Documents/Codex/2026-09-25/files-mentioned-by-the-user-wingman/outputs/wingman-browser/test/policy/consumer_protection_policy_test.dart: (setUpAll)
02:08 +1019 ~6: /Users/MattLeikam/Documents/Codex/2026-09-25/files-mentioned-by-the-user-wingman/outputs/wingman-browser/test/policy/consumer_protection_policy_test.dart: (setUpAll)
02:08 +1020 ~6: /Users/MattLeikam/Documents/Codex/2026-09-25/files-mentioned-by-the-user-wingman/outputs/wingman-browser/test/policy/consumer_protection_policy_test.dart: (setUpAll)
02:08 +1021 ~6: /Users/MattLeikam/Documents/Codex/2026-09-25/files-mentioned-by-the-user-wingman/outputs/wingman-browser/test/policy/consumer_protection_policy_test.dart: (setUpAll)
02:08 +1022 ~6: /Users/MattLeikam/Documents/Codex/2026-09-25/files-mentioned-by-the-user-wingman/outputs/wingman-browser/test/policy/consumer_protection_policy_test.dart: (setUpAll)
02:08 +1022 ~6: /Users/MattLeikam/Documents/Codex/2026-09-25/files-mentioned-by-the-user-wingman/outputs/wingman-browser/test/policy/consumer_protection_updates_test.dart: verified bytes and envelope are immutable
02:08 +1023 ~6: /Users/MattLeikam/Documents/Codex/2026-09-25/files-mentioned-by-the-user-wingman/outputs/wingman-browser/test/policy/consumer_protection_policy_test.dart: complete published subsets exceed demonstration scale with all categories
02:08 +1024 ~6: /Users/MattLeikam/Documents/Codex/2026-09-25/files-mentioned-by-the-user-wingman/outputs/wingman-browser/test/policy/consumer_protection_updates_test.dart: replay cannot replace an active update
02:08 +1025 ~6: /Users/MattLeikam/Documents/Codex/2026-09-25/files-mentioned-by-the-user-wingman/outputs/wingman-browser/test/policy/consumer_protection_updates_test.dart: replay cannot replace an active update
02:08 +1026 ~6: /Users/MattLeikam/Documents/Codex/2026-09-25/files-mentioned-by-the-user-wingman/outputs/wingman-browser/test/policy/consumer_protection_policy_test.dart: category domain, suffix, decoded paths and boundaries stay mandatory
02:08 +1027 ~6: /Users/MattLeikam/Documents/Codex/2026-09-25/files-mentioned-by-the-user-wingman/outputs/wingman-browser/test/policy/consumer_protection_updates_test.dart: offline check retains validated local generation and staleness is separate
02:08 +1028 ~6: /Users/MattLeikam/Documents/Codex/2026-09-25/files-mentioned-by-the-user-wingman/outputs/wingman-browser/test/policy/consumer_protection_policy_test.dart: missing or damaged baseline is a recovery state, not unknown classification
02:08 +1029 ~6: /Users/MattLeikam/Documents/Codex/2026-09-25/files-mentioned-by-the-user-wingman/outputs/wingman-browser/test/policy/consumer_protection_policy_test.dart: missing or damaged baseline is a recovery state, not unknown classification
02:08 +1030 ~6: /Users/MattLeikam/Documents/Codex/2026-09-25/files-mentioned-by-the-user-wingman/outputs/wingman-browser/test/policy/consumer_protection_policy_test.dart: missing or damaged baseline is a recovery state, not unknown classification
02:08 +1031 ~6: /Users/MattLeikam/Documents/Codex/2026-09-25/files-mentioned-by-the-user-wingman/outputs/wingman-browser/test/policy/consumer_protection_policy_test.dart: missing or damaged baseline is a recovery state, not unknown classification
02:08 +1032 ~6: /Users/MattLeikam/Documents/Codex/2026-09-25/files-mentioned-by-the-user-wingman/outputs/wingman-browser/test/policy/consumer_protection_updates_test.dart: SQLite corruption recovers previous signed generation and preserves replay high-water mark
02:08 +1033 ~6: /Users/MattLeikam/Documents/Codex/2026-09-25/files-mentioned-by-the-user-wingman/outputs/wingman-browser/test/policy/consumer_protection_updates_test.dart: SQLite corruption recovers previous signed generation and preserves replay high-water mark
02:08 +1034 ~6: /Users/MattLeikam/Documents/Codex/2026-09-25/files-mentioned-by-the-user-wingman/outputs/wingman-browser/test/policy/consumer_protection_updates_test.dart: SQLite corruption recovers previous signed generation and preserves replay high-water mark
02:09 +1035 ~6: /Users/MattLeikam/Documents/Codex/2026-09-25/files-mentioned-by-the-user-wingman/outputs/wingman-browser/test/policy/consumer_protection_policy_test.dart: saved reviewed-site restrictions subtract after catalog expiry
02:09 +1036 ~6: /Users/MattLeikam/Documents/Codex/2026-09-25/files-mentioned-by-the-user-wingman/outputs/wingman-browser/test/policy/consumer_protection_policy_test.dart: saved reviewed-site restrictions subtract after catalog expiry
02:09 +1037 ~6: /Users/MattLeikam/Documents/Codex/2026-09-25/files-mentioned-by-the-user-wingman/outputs/wingman-browser/test/policy/consumer_protection_policy_test.dart: saved reviewed-site restrictions subtract after catalog expiry
02:09 +1038 ~6: /Users/MattLeikam/Documents/Codex/2026-09-25/files-mentioned-by-the-user-wingman/outputs/wingman-browser/test/policy/consumer_protection_policy_test.dart: saved reviewed-site restrictions subtract after catalog expiry
02:09 +1039 ~6: /Users/MattLeikam/Documents/Codex/2026-09-25/files-mentioned-by-the-user-wingman/outputs/wingman-browser/test/policy/consumer_protection_policy_test.dart: saved reviewed-site restrictions subtract after catalog expiry
02:09 +1040 ~6: /Users/MattLeikam/Documents/Codex/2026-09-25/files-mentioned-by-the-user-wingman/outputs/wingman-browser/test/policy/consumer_protection_policy_test.dart: school configuration cannot inherit the consumer permit-by-default rule
02:10 +1041 ~6: /Users/MattLeikam/Documents/Codex/2026-09-25/files-mentioned-by-the-user-wingman/outputs/wingman-browser/test/policy/consumer_protection_policy_test.dart: (tearDownAll)
02:10 +1041 ~6: All tests passed!
